image,kp,kd
img_0000000.png,6.0,0.9249975481632257
img_0000001.png,6.0,2.6994812146090865
img_0000002.png,6.0,2.7037469250953055
img_0000003.png,6.0,2.708080708852674
img_0000004.png,6.0,2.7124736163040595
img_0000005.png,6.0,2.716915441812415
img_0000006.png,6.0,2.721394423228814
img_0000007.png,6.0,2.7258976813358466
img_0000008.png,6.0,2.7304115899714594
img_0000009.png,6.0,2.73492198784084
img_0000010.png,6.0,2.739414267119545
img_0000011.png,6.0,2.7438735345693424
img_0000012.png,6.0,2.7482841646852494
img_0000013.png,6.0,2.752630133481404
img_0000014.png,6.0,2.7568951079189166
img_0000015.png,6.0,2.7610623013035447
img_0000016.png,6.0,2.7651145982841845
img_0000017.png,6.0,2.769034673038984
img_0000018.png,6.0,2.7728051391561674
img_0000019.png,6.0,2.7764087295089332
img_0000020.png,6.0,2.7798285997821006
img_0000021.png,6.0,2.7830482583523497
img_0000022.png,6.0,2.786052077791929
img_0000023.png,6.0,2.7888254939383135
img_0000024.png,6.0,2.791355220340968
img_0000025.png,6.0,2.793629486577326
img_0000026.png,6.0,2.7956382611232184
img_0000027.png,6.0,2.7973734515009583
img_0000028.png,6.0,2.7988290749531815
img_0000029.png,6.0,2.800001393740121
img_0000030.png,6.0,2.800889010310942
img_0000031.png,6.0,2.8014929190092452
img_0000032.png,6.0,2.8018165125648977
img_0000033.png,6.0,2.8018655433113095
img_0000034.png,6.0,2.8016480407485966
img_0000035.png,6.0,2.8011741886493984
img_0000036.png,6.0,2.800456166284794
img_0000037.png,6.0,2.7995079594585746
img_0000038.png,6.0,2.798345147828968
img_0000039.png,6.0,2.796984675440138
img_0000040.png,6.0,2.795444611485641
img_0000041.png,6.0,2.793743908104377
img_0000042.png,6.0,2.7919021615118513
img_0000043.png,6.0,2.7899393820538094
img_0000044.png,6.0,2.7878757778982255
img_0000045.png,6.0,2.785731556123247
img_0000046.png,6.0,2.7835267439731517
img_0000047.png,6.0,2.7812810320944976
img_0000048.png,6.0,2.779013640676062
img_0000049.png,6.0,2.7767432086264443
img_0000050.png,6.0,2.7744877052551473
img_0000051.png,6.0,2.772264363383087
img_0000052.png,6.0,2.770089632399945
img_0000053.png,6.0,2.7679791494972124
img_0000054.png,5.999872898473127,2.7659477271307424
img_0000055.png,5.9829133344337055,2.7640093546855913
img_0000056.png,5.96612923533947,2.762177212314698
img_0000057.png,5.949541133073459,2.7604636949850185
img_0000058.png,5.933168291147899,2.7588804448734434
img_0000059.png,5.917028770801258,2.757438390396108
img_0000060.png,5.901139506872185,2.7561477903168186
img_0000061.png,5.885516390932443,2.755018281552653
img_0000062.png,5.870174359406824,2.754058929467914
img_0000063.png,5.855127484658993,2.753278279617345
img_0000064.png,5.840389067268598,2.7526844100593326
img_0000065.png,5.83215359984805,2.756027109330672
img_0000066.png,5.82704445072794,2.7612607540134624
img_0000067.png,5.822056553367137,2.766566643609194
img_0000068.png,5.817200846131401,2.7719522141831403
img_0000069.png,5.812489142677508,2.777425476006035
img_0000070.png,5.807934078399167,2.782994993218222
img_0000071.png,5.803549047945036,2.788669859638114
img_0000072.png,5.799348133866483,2.794459670775437
img_0000073.png,5.795346026361244,2.8003744920460183
img_0000074.png,5.7915579339604335,2.806424823101854
img_0000075.png,5.787999484862727,2.8126215580837357
img_0000076.png,5.784686618453673,2.818975941475615
img_0000077.png,5.781635466363445,2.8254995190895213
img_0000078.png,5.7788622472652715,2.832184547796423
img_0000079.png,5.776383037200082,2.839087507874536
img_0000080.png,5.77421371609644,2.846193987517679
img_0000081.png,5.772369754412878,2.8535165607389996
img_0000082.png,5.770866025323834,2.8610676307359717
img_0000083.png,5.769716598063377,2.868859365597702
img_0000084.png,5.768934510407014,2.8769036096950176
img_0000085.png,5.768531518118759,2.8852117710846157
img_0000086.png,5.768517819098369,2.893794684115573
img_0000087.png,5.7689017499418345,2.9026624455081205
img_0000088.png,5.769689452697767,2.9118242214297703
img_0000089.png,5.770884509790012,2.9212880224968036
img_0000090.png,5.772487545414464,2.931060443172587
img_0000091.png,5.783155259224298,2.946710775097687
img_0000092.png,5.798174632311451,2.965336413982603
img_0000093.png,5.812576348586591,2.9836447100639067
img_0000094.png,5.826665034978272,3.0020131629813696
img_0000095.png,5.8398197366627365,3.0196725870360748
img_0000096.png,5.853322373544874,3.037772339593097
img_0000097.png,5.867105010145643,3.0562716957704144
img_0000098.png,5.881085476118573,3.075130345594867
img_0000099.png,5.895173906977914,3.0943000314356386
img_0000100.png,5.909272980858809,3.113724031103459
img_0000101.png,5.923278305351814,3.133336670805635
img_0000102.png,5.937078974374538,3.1530627032673175
img_0000103.png,5.95116533283969,3.1733604533306226
img_0000104.png,5.9654371491454325,3.194263185097155
img_0000105.png,5.979271931948734,3.215163765366497
img_0000106.png,5.99255583855162,3.2359714074828094
img_0000107.png,6.0,3.256591123193373
img_0000108.png,6.0,3.276925665374972
img_0000109.png,6.0,3.2968780294401774
img_0000110.png,6.0,3.3163544415900184
img_0000111.png,6.0,3.335267777562782
img_0000112.png,6.0,3.3535412823481687
img_0000113.png,6.0,3.371112349034025
img_0000114.png,6.0,3.3879359500859896
img_0000115.png,6.0,3.4039870913172696
img_0000116.png,6.0,3.419261400205932
img_0000117.png,6.0,3.4337727515606407
img_0000118.png,6.0,3.4421551788886635
img_0000119.png,6.0,3.449521774024406
img_0000120.png,6.0,3.455799401331733
img_0000121.png,6.0,3.4610293911469228
img_0000122.png,6.0,3.4652334724287313
img_0000123.png,6.0,3.4684221327651716
img_0000124.png,6.0,3.470487416267421
img_0000125.png,6.0,3.47136288932399
img_0000126.png,5.993887698504976,3.4709156204028266
img_0000127.png,5.978125290947675,3.4689939729271337
img_0000128.png,5.960688798961112,3.4654443294252584
img_0000129.png,5.941418069726831,3.460125438219309
img_0000130.png,5.927621804826989,3.460062831861457
img_0000131.png,5.913687556806067,3.459860452559442
img_0000132.png,5.898007744857393,3.4579815168786237
img_0000133.png,5.894681715520491,3.467989527565663
img_0000134.png,5.93318135386952,3.5195537099200758
img_0000135.png,5.972254957079143,3.5739618793970465
img_0000136.png,6.0,3.63113835996759
img_0000137.png,6.0,3.6907673701632757
img_0000138.png,6.0,2.556697319663364
img_0000139.png,6.0,2.511119102527613
img_0000140.png,6.0,2.478827190575986
img_0000141.png,6.0,2.470626275340555
img_0000142.png,6.0,2.4801289852943396
img_0000143.png,6.0,2.520465309295755
img_0000144.png,6.0,2.5555778939510683
img_0000145.png,6.0,2.5588219386644577
img_0000146.png,6.0,2.5536890213321244
img_0000147.png,6.0,2.5571989786797538
img_0000148.png,6.0,2.579022934311251
img_0000149.png,6.0,2.621318824725182
img_0000150.png,6.0,2.6800728283065105
img_0000151.png,6.0,2.6612349964979254
img_0000152.png,6.0,2.6896979283449114
img_0000153.png,6.0,2.7348876318188458
img_0000154.png,6.0,2.779632930530898
img_0000155.png,6.0,2.8216588018527133
img_0000156.png,6.0,2.859555132437266
img_0000157.png,6.0,2.892818880443304
img_0000158.png,6.0,2.9204820973639034
img_0000159.png,6.0,2.9423087390971325
img_0000160.png,6.0,2.957974865036028
img_0000161.png,6.0,3.3932467512677
img_0000162.png,6.0,3.241522056344779
img_0000163.png,6.0,3.1665727915948216
img_0000164.png,6.0,3.0981876448835406
img_0000165.png,6.0,3.0344551011885494
img_0000166.png,6.0,2.974105224882153
img_0000167.png,6.0,2.9157774966510956
img_0000168.png,6.0,2.858519768923297
img_0000169.png,6.0,2.801758886295102
img_0000170.png,6.0,2.7446375253615694
img_0000171.png,6.0,2.6869802854343017
img_0000172.png,6.0,2.628023454119356
img_0000173.png,6.0,2.6215268434822367
img_0000174.png,6.0,2.5740656986169617
img_0000175.png,6.0,2.5332567901437812
img_0000176.png,6.0,2.562242260217181
img_0000177.png,6.0,2.821532384156712
img_0000178.png,6.0,2.6109387800518373
img_0000179.png,6.0,2.6671515055984565
img_0000180.png,6.0,2.704919036867717
img_0000181.png,6.0,2.982598190684844
img_0000182.png,6.0,2.804214359387962
img_0000183.png,6.0,2.8881799021542616
img_0000184.png,6.0,2.9371886080542198
img_0000185.png,6.0,2.9585416363945845
img_0000186.png,5.985725803514981,3.6128076515950673
img_0000187.png,5.959258681503233,3.5975231206994236
img_0000188.png,5.930937745347676,3.580705281980067
img_0000189.png,5.949487096893398,3.614521039709783
img_0000190.png,5.983809396457735,3.6676171585004163
img_0000191.png,6.0,3.5674276914295726
img_0000192.png,6.0,3.189467005701217
img_0000193.png,6.0,2.9647087656524436
img_0000194.png,6.0,3.0535459320688125
img_0000195.png,6.0,3.5522804182017413
img_0000196.png,6.0,3.9237614243592502
img_0000197.png,6.0,4.0
img_0000198.png,6.0,3.8475009753855893
img_0000199.png,6.0,4.0
img_0000200.png,6.0,4.0
img_0000201.png,6.0,4.0
img_0000202.png,6.0,4.0
img_0000203.png,6.0,4.0
img_0000204.png,6.0,4.0
img_0000205.png,6.0,3.959054456570904
img_0000206.png,6.0,3.8325933057465926
img_0000207.png,6.0,3.58505062601893
img_0000208.png,6.0,4.0
img_0000209.png,6.0,3.840039651891126
img_0000210.png,6.0,3.7159510090730024
img_0000211.png,6.0,3.6390523682106912
img_0000212.png,6.0,3.5621259223750097
img_0000213.png,6.0,3.492654589999779
img_0000214.png,6.0,3.439178595637327
img_0000215.png,6.0,3.3418960984649155
img_0000216.png,6.0,3.24965910849914
img_0000217.png,6.0,3.1642498343233623
img_0000218.png,6.0,3.0886321407629254
img_0000219.png,6.0,3.021520503460989
img_0000220.png,6.0,2.960921664399196
img_0000221.png,6.0,2.9272107580447377
img_0000222.png,6.0,2.894420849054227
img_0000223.png,6.0,2.8633402418065312
img_0000224.png,6.0,2.834577498989887
img_0000225.png,6.0,2.8086016854328646
img_0000226.png,6.0,2.821747738313709
img_0000227.png,6.0,3.6084487382454067
img_0000228.png,6.0,3.5850685521586905
img_0000229.png,5.999486788482113,3.5779142074809185
img_0000230.png,5.981854631066616,3.570929336258902
img_0000231.png,5.964425621008996,3.5642597110010943
img_0000232.png,5.947345181842675,3.558120390945186
img_0000233.png,5.930740127521022,3.552597619739407
img_0000234.png,5.914720519964095,3.5477942096789725
img_0000235.png,5.899381400067718,3.5437954312312727
img_0000236.png,5.884804427043683,3.540672157506929
img_0000237.png,5.8710593764422745,3.5384509131613067
img_0000238.png,5.858205521483189,3.5372540721718497
img_0000239.png,5.846292751804604,3.5370825487626494
img_0000240.png,5.835362600765336,3.537973793971033
img_0000241.png,5.825505759274704,3.542068424955912
img_0000242.png,5.8167015347072235,3.5452944890005558
img_0000243.png,5.808960531612913,3.549626464923073
img_0000244.png,5.8022975302780715,3.555087184816527
img_0000245.png,5.795261745628464,3.5605027157635014
img_0000246.png,5.78882472074447,3.565778586089265
img_0000247.png,5.783387361422558,3.5721125114622536
img_0000248.png,5.7789271761241725,3.5792068587464723
img_0000249.png,5.775413508518469,3.587627941787738
img_0000250.png,5.772823681122165,3.597043710683029
img_0000251.png,5.771118218900973,3.607433069946668
img_0000252.png,5.770250300838862,3.618860381696023
img_0000253.png,5.7701647912639045,3.631328627126015
img_0000254.png,5.770797230821201,3.6447854630066856
img_0000255.png,5.77207316628847,3.6591797645549105
img_0000256.png,5.77390675182562,3.6744439769051658
img_0000257.png,5.7761993002827055,3.690492759156272
img_0000258.png,5.778837623823892,3.7072209354823844
img_0000259.png,5.781692183212197,3.7245006523501836
img_0000260.png,5.7846150876817415,3.7421777305315804
img_0000261.png,5.787437714760032,3.760082703023836
img_0000262.png,5.78996968210496,3.777958384206487
img_0000263.png,5.791995984550051,3.795564590905676
img_0000264.png,5.793276113679973,3.8125943511837574
img_0000265.png,5.793543646935934,3.8286931961338633
img_0000266.png,5.792342551361697,3.8517778408646457
img_0000267.png,5.785047077196647,3.97270290381616
img_0000268.png,5.771976380884309,4.0
img_0000269.png,5.7553585741681115,4.0
img_0000270.png,5.736564127526584,4.0
img_0000271.png,5.715681542867976,4.0
img_0000272.png,5.6927723551879055,4.0
img_0000273.png,5.683830185575625,3.824405187036042
img_0000274.png,5.699301445741787,3.1940863512337163
img_0000275.png,5.710533694870855,2.941454601677493
img_0000276.png,5.718830806385189,2.82863305956175
img_0000277.png,5.724936109765669,2.7098847072475776
img_0000278.png,5.7292478995736325,2.624600464485918
img_0000279.png,5.722757157004486,3.4420353239811137
img_0000280.png,5.716229617226599,3.0899507397075174
img_0000281.png,5.742330149684072,2.880541278817158
img_0000282.png,5.760801182238415,2.728882327809573
img_0000283.png,5.772811422055753,2.6169326093523555
img_0000284.png,5.779267573429775,2.5318952642185835
img_0000285.png,5.780898353045302,2.464755900536347
img_0000286.png,5.778266530178386,2.396485905306567
img_0000287.png,5.771853812321366,2.3460593154864737
img_0000288.png,5.7563668238728045,2.344318954202389
img_0000289.png,5.744331286279962,2.222258666623887
img_0000290.png,5.726678284938815,2.2780034892669754
img_0000291.png,5.707374933864884,2.3228166440672138
img_0000292.png,5.668663527907946,3.4714580175717265
img_0000293.png,5.62647407555639,3.5149354216569217
img_0000294.png,5.591796630551148,3.5308511774456415
img_0000295.png,5.561656623892247,3.5200664318206347
img_0000296.png,5.530009939356484,3.6401804294080646
img_0000297.png,5.4957794883006414,3.6156604301897026
img_0000298.png,5.459209786641372,3.5886646973785594
img_0000299.png,5.420709778904232,3.5602773829224064
img_0000300.png,5.380549919194657,3.531054366719653
img_0000301.png,5.338827028347321,3.502010319821987
img_0000302.png,5.295668623948643,3.4715557159910846
img_0000303.png,5.251172727530095,3.440724589751258
img_0000304.png,5.24747114534241,3.448919270777185
img_0000305.png,5.255988666121871,3.46896649813314
img_0000306.png,5.260905040883461,3.4858489086286433
img_0000307.png,5.26233215710641,3.499524273676553
img_0000308.png,5.260409128239555,3.5100055751368453
img_0000309.png,5.25529916785321,3.517359788290702
img_0000310.png,5.247186704056074,3.5217046583219
img_0000311.png,5.236273984287088,3.523203160270577
img_0000312.png,5.222777023289865,3.5220559206429303
img_0000313.png,5.206921061636985,3.5184922402555077
img_0000314.png,5.18893583035297,3.51276050639595
img_0000315.png,5.169050932784538,3.505118762326757
img_0000316.png,5.147491608070823,3.4958260689713114
img_0000317.png,5.124475065333611,3.485135102564673
img_0000318.png,5.100207496617275,3.47328622995041
img_0000319.png,5.071621926044043,3.4582769913094555
img_0000320.png,5.040347166660016,3.441048462832719
img_0000321.png,5.0034797487221905,3.419266869926891
img_0000322.png,4.966455924634822,3.3978741231602907
img_0000323.png,4.929323204178047,3.376753263123102
img_0000324.png,4.892157844031759,3.355961494557013
img_0000325.png,4.855024599764037,3.335541002346287
img_0000326.png,4.817977744309777,3.3155212690207634
img_0000327.png,4.781062053052869,3.295921288964228
img_0000328.png,4.744313716832112,3.27675158338098
img_0000329.png,4.707761169189244,3.2580159754428344
img_0000330.png,4.671425832889733,3.239713093372237
img_0000331.png,4.635322807170965,3.2218375835670665
img_0000332.png,4.638187853262437,3.2348017144169194
img_0000333.png,4.6499426385253635,3.2550558965304797
img_0000334.png,4.660264360736999,3.274460188763824
img_0000335.png,4.669009212519864,3.2928506078026967
img_0000336.png,4.67604577299885,3.3100667888709077
img_0000337.png,4.681256961462951,3.3259556468790428
img_0000338.png,4.684541648349384,3.340375099519195
img_0000339.png,4.685815899450063,3.3531976707817144
img_0000340.png,4.685013843000615,3.364313777837766
img_0000341.png,4.682088158937292,3.373634514650966
img_0000342.png,4.677010196478795,3.381093778043827
img_0000343.png,4.669769732052018,3.386649628210571
img_0000344.png,4.660374385891586,3.3902848280064077
img_0000345.png,4.648848723158258,3.3920065580611496
img_0000346.png,4.635233074057294,3.391845354055393
img_0000347.png,4.61958211639678,3.3898533554507817
img_0000348.png,4.601963272094471,3.386101988988629
img_0000349.png,4.580744186854998,3.3786019582588134
img_0000350.png,4.557411266433307,3.369562860861951
img_0000351.png,4.5325575628465895,3.359285417328334
img_0000352.png,4.506276150946018,3.3478825706768442
img_0000353.png,4.4786632329214004,3.335468506551944
img_0000354.png,4.449817003407736,3.3221574613569302
img_0000355.png,4.419836457024238,3.3080619021899116
img_0000356.png,4.388820342379244,3.2932910081812263
img_0000357.png,4.356866268785084,3.2779494554536663
img_0000358.png,4.324069964199202,3.262136493476601
img_0000359.png,4.290524676867111,3.245945290062675
img_0000360.png,4.256320708785681,3.2294625152583185
img_0000361.png,4.221545066344231,3.2127681305784552
img_0000362.png,4.18628121214029,3.1959353489217897
img_0000363.png,4.150608901751843,3.1790307314759847
img_0000364.png,4.1146040899049545,3.1621143903750637
img_0000365.png,4.0783388917429795,3.1452402692553316
img_0000366.png,4.041881586548326,3.1284564777064054
img_0000367.png,4.005296653097651,3.111805659569999
img_0000368.png,3.9686448276954076,3.0953253788437896
img_0000369.png,3.93198317771903,3.0790485104298266
img_0000370.png,3.89536518514699,3.0630036260350098
img_0000371.png,3.858840835983937,3.0472153681443332
img_0000372.png,3.822456712723639,3.031704807152168
img_0000373.png,3.786256087997235,3.0164897784786
img_0000374.png,3.7502790183500574,3.001585197864497
img_0000375.png,3.7145624376927646,2.9870033540792282
img_0000376.png,3.679140250403621,2.972754179044695
img_0000377.png,3.6454956794817495,2.96024749651493
img_0000378.png,3.6123475912447,2.9477181036907747
img_0000379.png,3.5794498696007384,2.935463591998372
img_0000380.png,3.546825340377337,2.9234670049220997
img_0000381.png,3.5145021674587293,2.9117374676690853
img_0000382.png,3.482505927481138,2.900283084998691
img_0000383.png,3.4508594910660237,2.889110332074819
img_0000384.png,3.4195831301724042,2.8782242029207574
img_0000385.png,3.3886946339853443,2.8676283677001324
img_0000386.png,3.3582094265531097,2.857325316932906
img_0000387.png,3.328140685701981,2.847316492922285
img_0000388.png,3.298499462903319,2.8376024093349765
img_0000389.png,3.2692948037164173,2.8281827598452796
img_0000390.png,3.2405338683785097,2.819056516695514
img_0000391.png,3.212222052070212,2.8102220199673416
img_0000392.png,3.184363104353247,2.8016770583003745
img_0000393.png,3.1569592472585573,2.7934189417400934
img_0000394.png,3.1300112914971314,2.78544456734352
img_0000395.png,3.103518750272374,2.7777504781222224
img_0000396.png,3.077479950190705,2.7703329158552927
img_0000397.png,3.0518921387945723,2.763187868262304
img_0000398.png,3.026751588277832,2.7563111109856218
img_0000399.png,3.0020536949855297,2.7496982447948355
img_0000400.png,2.9777930743468533,2.7433447283918353
img_0000401.png,2.953963650939736,2.7372459071630177
img_0000402.png,2.930558743436714,2.731397038196424
img_0000403.png,2.9075711442329055,2.725793311854602
img_0000404.png,2.884993193607067,2.720429870168873
img_0000405.png,2.8634822572447853,2.715708207880737
img_0000406.png,2.850269420418276,2.716049706226131
img_0000407.png,2.8368057662233266,2.7162376510102613
img_0000408.png,2.823082672998697,2.7162668052699765
img_0000409.png,2.8090928808253866,2.7161327360788174
img_0000410.png,2.794830528305103,2.71583183439396
img_0000411.png,2.780291172974663,2.7153613250522692
img_0000412.png,2.765471795195503,2.7147192667954387
img_0000413.png,2.7503707857619513,2.7139045424556585
img_0000414.png,2.7349879178627665,2.7129168396807257
img_0000415.png,2.7193243043930817,2.7117566228061234
img_0000416.png,2.703382341935402,2.710425096687066
img_0000417.png,2.6871656429981,2.7089241634753836
img_0000418.png,2.670678958309648,2.7072563734598907
img_0000419.png,2.653928091112123,2.70542487118276
img_0000420.png,2.6369198054759786,2.7034333380932036
img_0000421.png,2.619661730671212,2.7012859330088856
img_0000422.png,2.6021622635814228,2.6989872316232333
img_0000423.png,2.5844455678785865,2.6914463873977947
img_0000424.png,2.566813659276123,2.657834294806567
img_0000425.png,2.5493477224964955,2.6269798875533734
img_0000426.png,2.5320426759511374,2.6013057461539204
img_0000427.png,2.5148893627364286,2.5859318953216315
img_0000428.png,2.497869855243417,2.591666816339287
img_0000429.png,2.480947639191749,2.6413155007206592
img_0000430.png,2.4643404174447943,2.677758952658878
img_0000431.png,2.4480656455903476,2.6749238836903206
img_0000432.png,2.4319831530592184,2.672050168925548
img_0000433.png,2.416090675142839,2.66913885219861
img_0000434.png,2.400386037417849,2.666190847033206
img_0000435.png,2.3848671503417167,2.6632068854198505
img_0000436.png,2.36953200392895,2.660187447469677
img_0000437.png,2.3543786606801316,2.65713266341092
img_0000438.png,2.339405243883953,2.654042173313923
img_0000439.png,2.3246099162872227,2.6509149157886234
img_0000440.png,2.312898875930107,2.6496085391392974
img_0000441.png,2.3042024467355935,2.6500838692733497
img_0000442.png,2.2958172134821573,2.650609602708972
img_0000443.png,2.287728222754157,2.6511659290336005
img_0000444.png,2.279921971381094,2.651722081504628
img_0000445.png,2.272390606003163,2.6522442437357325
img_0000446.png,2.2651358126569323,2.6527300020608253
img_0000447.png,2.2581361823068207,2.6532623422415456
img_0000448.png,2.2514882243724834,2.654147397365482
img_0000449.png,2.2452784545436555,2.657121128894387
img_0000450.png,2.239139885709775,2.6587361861243326
img_0000451.png,2.2330569955661366,2.6597685975652805
img_0000452.png,2.227109465476815,2.660794084551695
img_0000453.png,2.221285030876539,2.661810758318688
img_0000454.png,2.215570002571213,2.6628118531918337
img_0000455.png,2.209950888105695,2.66379005941044
img_0000456.png,2.2044145630775858,2.664737753470121
img_0000457.png,2.1989526099819163,2.6655264377036056
img_0000458.png,2.193545816177828,2.6663992293759344
img_0000459.png,2.1881840415345977,2.667221427220636
img_0000460.png,2.1828557509211435,2.66798978984594
img_0000461.png,2.177550007383083,2.668698306547279
img_0000462.png,2.1722565766550823,2.669341912709809
img_0000463.png,2.1669660171927574,2.66991618342796
img_0000464.png,2.161669751939887,2.6704171916281454
img_0000465.png,2.156360129412475,2.670841542432345
img_0000466.png,2.1510304754024396,2.671186406157537
img_0000467.png,2.1456751343333478,2.671449544667738
img_0000468.png,2.140289499272861,2.6716293305524026
img_0000469.png,2.1348700298352887,2.6717247588239883
img_0000470.png,2.129414257484025,2.6717354509466795
img_0000471.png,2.123920778037963,2.6716616511571307
img_0000472.png,2.118389231485719,2.6715042151901134
img_0000473.png,2.112820269505271,2.6712645916737294
img_0000474.png,2.1072155113637803,2.670944796614607
img_0000475.png,2.10157748912315,2.6705473815249516
img_0000476.png,2.095909583297355,2.6700753635446812
img_0000477.png,2.0902159501159847,2.669532122958592
img_0000478.png,2.0845014420940355,2.668921742457906
img_0000479.png,2.078771523878369,2.668248488821486
img_0000480.png,2.073032183680761,2.667516941644064
img_0000481.png,2.0672898427399624,2.666731934604945
img_0000482.png,2.061551264150335,2.665898501340007
img_0000483.png,2.0558234624314333,2.665021821755924
img_0000484.png,2.050113615112239,2.664107169370641
img_0000485.png,2.0444289774605116,2.663159860327055
img_0000486.png,2.0387768013259504,2.6621852046380514
img_0000487.png,2.0331642588942445,2.6611884601291025
img_0000488.png,2.0275983719747734,2.6601747894437215
img_0000489.png,2.022085947273684,2.6591492203829397
img_0000490.png,2.0166335179415777,2.6581166097592894
img_0000491.png,2.0112472915351884,2.6570816108623894
img_0000492.png,2.0059331043984843,2.6560486445618556
img_0000493.png,2.0006963823526,2.655021874005524
img_0000494.png,1.9955421074873856,2.654005182821692
img_0000495.png,1.990474790770235,2.653002156688788
img_0000496.png,1.985498450130264,2.6520160681078506
img_0000497.png,1.9806165936366806,2.6510498641861346
img_0000498.png,1.9758322073681454,2.650106157234465
img_0000499.png,1.9711477475632746,2.649187217971346
img_0000500.png,1.9665651366493713,2.6482949711305355
img_0000501.png,1.962085762764843,2.647430993281507
img_0000502.png,1.9577104824186087,2.646596512680119
img_0000503.png,1.9534396259649802,2.645792410989348
img_0000504.png,1.949273005613026,2.645019226726354
img_0000505.png,1.945209925733481,2.644277160317053
img_0000506.png,1.9412491952719517,2.643566080659222
img_0000507.png,1.9373891421229665,2.642885533119718
img_0000508.png,1.933627629363682,2.6422347489128315
img_0000509.png,1.9299620732875291,2.6416126558234923
img_0000510.png,1.9263894632154588,2.6410178902633428
img_0000511.png,1.922906383094544,2.6404488106550867
img_0000512.png,6.0,2.6590040661599574
img_0000513.png,6.0,2.6629710743163475
img_0000514.png,6.0,2.66693209018775
img_0000515.png,6.0,2.6708917240187304
img_0000516.png,6.0,2.6748518673841346
img_0000517.png,6.0,2.6788146203930676
img_0000518.png,6.0,2.6827824358506374
img_0000519.png,6.0,2.6867580941150058
img_0000520.png,6.0,2.690744671143976
img_0000521.png,6.0,2.6947455095025075
img_0000522.png,6.0,2.6987641930294286
img_0000523.png,6.0,2.7028045255368047
img_0000524.png,6.0,2.7068705140617144
img_0000525.png,6.0,2.710966357381787
img_0000526.png,6.0,2.715096440854766
img_0000527.png,6.0,2.7192653392742914
img_0000528.png,6.0,2.7234778305854603
img_0000529.png,6.0,2.72773892516601
img_0000530.png,6.0,2.7320588554342464
img_0000531.png,6.0,2.736434318624577
img_0000532.png,6.0,2.7408755330656707
img_0000533.png,6.0,2.745384533948589
img_0000534.png,6.0,2.749978876670335
img_0000535.png,6.0,2.754663147621309
img_0000536.png,6.0,2.7593539161817384
img_0000537.png,6.0,2.7642718310692054
img_0000538.png,6.0,2.7692839217193725
img_0000539.png,6.0,2.7744483363765426
img_0000540.png,6.0,2.779841184620352
img_0000541.png,6.0,2.785472836668432
img_0000542.png,6.0,2.7913487904441414
img_0000543.png,6.0,2.7974715615778463
img_0000544.png,6.0,2.803842743367465
img_0000545.png,6.0,2.810464601735459
img_0000546.png,6.0,2.817357068835173
img_0000547.png,6.0,2.8244893487460465
img_0000548.png,6.0,2.8318902567869646
img_0000549.png,6.0,2.8395681884641926
img_0000550.png,6.0,2.84753256546451
img_0000551.png,6.0,2.8557934336851125
img_0000552.png,6.0,2.86436110959543
img_0000553.png,6.0,2.8732458750008485
img_0000554.png,6.0,2.882457709507085
img_0000555.png,6.0,2.892006047120465
img_0000556.png,6.0,2.90189954414979
img_0000557.png,6.0,2.9121458475283286
img_0000558.png,6.0,2.9227513547720165
img_0000559.png,6.0,2.933720958646236
img_0000560.png,6.0,2.9450577711891976
img_0000561.png,6.0,2.9567628231218794
img_0000562.png,6.0,2.9688347359975564
img_0000563.png,6.0,2.9813385226952827
img_0000564.png,6.0,2.994369265616046
img_0000565.png,6.0,3.0077281008762746
img_0000566.png,6.0,3.0213897197123387
img_0000567.png,6.0,3.0353215823004813
img_0000568.png,6.0,3.04948299795663
img_0000569.png,6.0,3.0638241920707077
img_0000570.png,6.0,3.078285428681008
img_0000571.png,6.0,3.0927962628408205
img_0000572.png,6.0,3.107275019478218
img_0000573.png,6.0,3.1216286170606145
img_0000574.png,6.0,3.1357528705921136
img_0000575.png,6.0,3.1495334131402437
img_0000576.png,6.0,3.1628473610348915
img_0000577.png,6.0,3.175565808508525
img_0000578.png,6.0,3.18755716930427
img_0000579.png,6.0,3.198691288017042
img_0000580.png,6.0,3.208844132992131
img_0000581.png,6.0,3.2179027737497736
img_0000582.png,6.0,3.225770262157081
img_0000583.png,6.0,3.2323699996912834
img_0000584.png,6.0,3.237649196686413
img_0000585.png,6.0,3.241581113663345
img_0000586.png,6.0,3.244165905725781
img_0000587.png,6.0,3.245430044165057
img_0000588.png,6.0,3.2454244370150747
img_0000589.png,6.0,3.244221488383242
img_0000590.png,6.0,3.241911410060329
img_0000591.png,6.0,3.238598124110947
img_0000592.png,6.0,3.2343950772347485
img_0000593.png,6.0,3.229421238157406
img_0000594.png,6.0,3.223797481951318
img_0000595.png,6.0,3.2176434929052355
img_0000596.png,6.0,3.211075250355157
img_0000597.png,6.0,3.20420310607395
img_0000598.png,6.0,3.1971304202159736
img_0000599.png,6.0,3.189952695508106
img_0000600.png,6.0,3.1827571346659695
img_0000601.png,6.0,3.1756225412922148
img_0000602.png,6.0,3.168619486964239
img_0000603.png,6.0,3.161810674257592
img_0000604.png,6.0,3.155251434954585
img_0000605.png,6.0,3.148990313062379
img_0000606.png,6.0,3.143069692425286
img_0000607.png,6.0,3.137527593614147
img_0000608.png,6.0,3.1323937052773436
img_0000609.png,6.0,3.127696758356393
img_0000610.png,6.0,3.1234608405705377
img_0000611.png,6.0,3.1197067626728665
img_0000612.png,6.0,3.116452630410907
img_0000613.png,6.0,3.1137142827301156
img_0000614.png,6.0,3.111505679283279
img_0000615.png,6.0,3.1098392424079955
img_0000616.png,5.996659561112649,3.108726155826048
img_0000617.png,5.98100891547048,3.1071183532255926
img_0000618.png,5.964922564813367,3.1049856462165506
img_0000619.png,5.949584227208549,3.10338771524893
img_0000620.png,5.934995971937944,3.102323362467168
img_0000621.png,5.921158363853746,3.101790185879063
img_0000622.png,5.9080698694912375,3.101784873593823
img_0000623.png,5.895726913535202,3.1023032193994298
img_0000624.png,5.884123895522499,3.1033401031575534
img_0000625.png,5.871811541631171,3.1035916092680376
img_0000626.png,5.8602285482031675,3.1042479106354235
img_0000627.png,5.849326013267865,3.105353815658967
img_0000628.png,5.839090043746838,3.1068966160358045
img_0000629.png,5.8468624061889045,3.121424995950011
img_0000630.png,5.856147602632644,3.137179050002429
img_0000631.png,5.866173954420017,3.153623757230151
img_0000632.png,5.876941948437741,3.170780639632599
img_0000633.png,5.888448060226311,3.1886695040627284
img_0000634.png,5.900684387169538,3.207307942071007
img_0000635.png,5.9136382703857056,3.226710736606362
img_0000636.png,5.9272919102257084,3.2468891638874413
img_0000637.png,5.941621981875247,3.2678501791573753
img_0000638.png,5.956599259509206,3.2895954764502915
img_0000639.png,5.972188259829954,3.3121204154206643
img_0000640.png,5.988346918712242,3.335412813349293
img_0000641.png,6.0,3.359451608423828
img_0000642.png,6.0,3.3842054121813
img_0000643.png,6.0,3.409630985502103
img_0000644.png,6.0,3.435671694488088
img_0000645.png,6.0,3.46225603018925
img_0000646.png,6.0,3.489296308756286
img_0000647.png,6.0,3.5166877039365056
img_0000648.png,6.0,3.544307797429281
img_0000649.png,6.0,3.5720168572938267
img_0000650.png,6.0,3.599659060449563
img_0000651.png,6.0,3.6270648507350156
img_0000652.png,6.0,3.654054558314603
img_0000653.png,6.0,3.680443294018554
img_0000654.png,6.0,3.706046978571581
img_0000655.png,6.0,3.730689191186357
img_0000656.png,6.0,3.754208358112807
img_0000657.png,6.0,3.7764646892509273
img_0000658.png,6.0,3.7973462427892253
img_0000659.png,6.0,3.8167735668574956
img_0000660.png,6.0,3.834702520517056
img_0000661.png,6.0,3.5205698774792635
img_0000662.png,6.0,3.527402393820319
img_0000663.png,6.0,3.531727924385872
img_0000664.png,6.0,3.534065091078282
img_0000665.png,6.0,3.5349116036231676
img_0000666.png,6.0,3.5345369551352412
img_0000667.png,6.0,3.533319145963715
img_0000668.png,6.0,3.531601926467683
img_0000669.png,6.0,3.5298777625576783
img_0000670.png,6.0,3.528582433211171
img_0000671.png,6.0,3.5281405010748434
img_0000672.png,6.0,3.52895138301471
img_0000673.png,6.0,3.5322900330636813
img_0000674.png,6.0,3.536302573108526
img_0000675.png,6.0,3.5424884639003746
img_0000676.png,6.0,3.55105090858485
img_0000677.png,6.0,3.561827350598182
img_0000678.png,6.0,3.5746720508874033
img_0000679.png,6.0,3.5893372977260594
img_0000680.png,6.0,3.605461743781789
img_0000681.png,6.0,3.6225136347780866
img_0000682.png,6.0,3.6400126534885793
img_0000683.png,6.0,3.6587906805561294
img_0000684.png,6.0,3.678293136679284
img_0000685.png,6.0,3.6966938677911063
img_0000686.png,6.0,3.7133682797820198
img_0000687.png,6.0,3.727806981941913
img_0000688.png,6.0,3.739608173842906
img_0000689.png,6.0,3.7484564941520278
img_0000690.png,6.0,3.7540971620924504
img_0000691.png,6.0,3.756337165908521
img_0000692.png,6.0,3.7549113879945546
img_0000693.png,6.0,3.7497264982465888
img_0000694.png,6.0,3.740606771771939
img_0000695.png,6.0,3.7273606001462927
img_0000696.png,6.0,3.5554115297026865
img_0000697.png,6.0,3.487459509326708
img_0000698.png,6.0,3.413229420960451
img_0000699.png,6.0,3.3044603607650407
img_0000700.png,6.0,3.2021217018997445
img_0000701.png,6.0,3.0919100773467934
img_0000702.png,6.0,2.976575671894722
img_0000703.png,6.0,2.8569995866721167
img_0000704.png,6.0,2.7337530235375
img_0000705.png,6.0,2.6343506772816836
img_0000706.png,6.0,2.743789145984331
img_0000707.png,6.0,2.567431198912299
img_0000708.png,6.0,2.796949977534147
img_0000709.png,6.0,2.6246211093672622
img_0000710.png,6.0,2.6596844887677626
img_0000711.png,6.0,2.6887676866458516
img_0000712.png,6.0,2.7394417968307874
img_0000713.png,6.0,2.8036041839536496
img_0000714.png,6.0,3.667154600087147
img_0000715.png,6.0,3.6260753129808423
img_0000716.png,6.0,3.6076280372387357
img_0000717.png,6.0,3.598681182905946
img_0000718.png,6.0,3.5877420849010306
img_0000719.png,6.0,3.5749793880833205
img_0000720.png,6.0,3.5606055785850907
img_0000721.png,6.0,3.544860351619189
img_0000722.png,6.0,3.529299575619045
img_0000723.png,5.997636155428711,3.512604054560793
img_0000724.png,5.966227018366492,3.495128022238551
img_0000725.png,5.933976354557527,3.4770872788165903
img_0000726.png,5.901062524508262,3.45867293894248
img_0000727.png,5.8676593421772285,3.4400613318757616
img_0000728.png,5.833934245574355,3.4214124586390016
img_0000729.png,5.800046884512808,3.402869263465565
img_0000730.png,5.766148083557613,3.3845575712718574
img_0000731.png,5.7323791292882245,3.3665865412049047
img_0000732.png,5.6988713285603705,3.34904949729901
img_0000733.png,5.699460826625245,3.3614541316803317
img_0000734.png,5.702572340941357,3.3761537039199148
img_0000735.png,5.705861413451942,3.391094741623327
img_0000736.png,5.709303018198016,3.4062492997821705
img_0000737.png,5.712872101627843,3.421588003627991
img_0000738.png,5.716543873776784,3.4370804142635345
img_0000739.png,5.7202939644315975,3.452695322267882
img_0000740.png,5.724098425842218,3.4684009366592687
img_0000741.png,5.7279335752726706,3.4841649441567553
img_0000742.png,5.731775683364069,3.4999544240653613
img_0000743.png,5.735600526333898,3.515735615986057
img_0000744.png,5.739382830021753,3.5314735494474
img_0000745.png,5.7430956407104805,3.547131555131628
img_0000746.png,5.746709661092611,3.562670685717297
img_0000747.png,5.750192589894819,3.578049080085212
img_0000748.png,5.75350850115167,3.5932213078433373
img_0000749.png,5.756617294804858,3.608137732312227
img_0000750.png,5.759474245085288,3.6227439299073705
img_0000751.png,5.762029667750493,3.636980202897023
img_0000752.png,5.764182057191036,3.651281427432272
img_0000753.png,5.765775783036408,3.665062259041739
img_0000754.png,5.766776687720881,3.6781167759522386
img_0000755.png,5.767124901087501,3.690378904364871
img_0000756.png,5.766753378047816,3.7017706077660613
img_0000757.png,5.765589202519864,3.7122073356507674
img_0000758.png,5.763554981317124,3.7215996800728486
img_0000759.png,5.7605703100163375,3.7298553017745038
img_0000760.png,5.7565533005516185,3.736881100058967
img_0000761.png,5.751422156908318,3.74258558374009
img_0000762.png,5.745096780629984,3.746881383927401
img_0000763.png,5.737500382588099,3.7496878327587986
img_0000764.png,5.728561072138445,3.750933517444024
img_0000765.png,5.718213389871877,3.7505587079234637
img_0000766.png,5.706399746093066,3.7485175507053317
img_0000767.png,5.693071724339649,3.744779922255174
img_0000768.png,5.678191208093737,3.7393328435543802
img_0000769.png,5.661731289740407,3.7321813733921005
img_0000770.png,5.643676924180223,3.7233489213461106
img_0000771.png,5.624025295629399,3.7128769511525896
img_0000772.png,5.602785875231882,3.7008240793895757
img_0000773.png,5.579980159111321,3.687264610403492
img_0000774.png,5.555641091002574,3.672286582914513
img_0000775.png,5.529812189776622,3.6559894332140153
img_0000776.png,5.502546418712589,3.6384814011401834
img_0000777.png,5.473904848635732,3.6198768157296404
img_0000778.png,5.44395517927806,3.600293396645623
img_0000779.png,5.4127701908844355,3.57984969575473
img_0000780.png,5.380426200152392,3.5586627820305416
img_0000781.png,5.347001590826533,3.536846246310188
img_0000782.png,5.312493464334978,3.5146112983897297
img_0000783.png,5.2769719031849025,3.4923550645224033
img_0000784.png,5.240618286177472,3.469772353012212
img_0000785.png,5.2035154996612505,3.446956245285566
img_0000786.png,5.165743947521708,3.4239951630025622
img_0000787.png,5.127381550274493,3.4009698237141546
img_0000788.png,5.088503945618784,3.3779535951342865
img_0000789.png,5.051100214645574,3.3566966802693727
img_0000790.png,5.039882777892258,3.3586906762636426
img_0000791.png,5.02714918267395,3.359373515973549
img_0000792.png,5.01278714185466,3.358637646963083
img_0000793.png,4.996696053665033,3.3563900852263444
img_0000794.png,4.984040279719955,3.3571701338137814
img_0000795.png,5.021369951925579,3.402809943099819
img_0000796.png,5.059758763447485,3.451284240623986
img_0000797.png,5.0989908365767125,3.502623267148452
img_0000798.png,5.138806108408837,3.556825924149284
img_0000799.png,5.178910480208016,3.6138012165055615
img_0000800.png,5.218973787696378,3.6734903758747457
img_0000801.png,5.258660222998021,3.735630079710927
img_0000802.png,5.297645344814844,3.79994755112668
img_0000803.png,5.333516365159104,3.843196660528748
img_0000804.png,5.360546475094066,3.979764770424295
img_0000805.png,5.380478500388012,4.0
img_0000806.png,5.395273953003263,4.0
img_0000807.png,5.406511015711089,4.0
img_0000808.png,5.415391569351195,4.0
img_0000809.png,5.422771540287455,4.0
img_0000810.png,5.429181736490692,4.0
img_0000811.png,5.434865490245961,4.0
img_0000812.png,5.439798889510365,4.0
img_0000813.png,5.440865656737689,4.0
img_0000814.png,5.437665212930449,4.0
img_0000815.png,5.4295254902640355,4.0
img_0000816.png,5.417115064379772,4.0
img_0000817.png,5.401773284195097,4.0
img_0000818.png,5.38436145951006,4.0
img_0000819.png,5.365439012298117,4.0
img_0000820.png,5.345374987451419,4.0
img_0000821.png,5.324416474977136,4.0
img_0000822.png,5.302673140280138,4.0
img_0000823.png,5.279858846699309,4.0
img_0000824.png,5.256126840638436,4.0
img_0000825.png,5.231614531691662,3.9206726271447927
img_0000826.png,5.206416259209065,3.843621744704963
img_0000827.png,5.180628338918721,3.774595432930588
img_0000828.png,5.1543626558491065,3.716909316160687
img_0000829.png,5.126940392031247,3.724445847223109
img_0000830.png,5.099040642401754,3.687525906836566
img_0000831.png,5.070972673812588,3.6639322769999088
img_0000832.png,5.042730114648582,3.6516356609104133
img_0000833.png,5.01427334651312,3.6471283530893706
img_0000834.png,4.985554331789022,3.6487271111962185
img_0000835.png,4.9564515874250485,3.6518885537848744
img_0000836.png,4.92686718838656,3.654659535539208
img_0000837.png,4.89682230795889,3.668222583928001
img_0000838.png,4.866434004724967,3.6637336091342156
img_0000839.png,4.8348805279029,3.6437492895817494
img_0000840.png,4.79935603242741,3.619264110364327
img_0000841.png,4.762219065468367,3.5939924447281966
img_0000842.png,4.724463286480345,3.5685823804075985
img_0000843.png,4.686175497073679,3.543142878717073
img_0000844.png,4.647433789040218,3.517765875924
img_0000845.png,4.60830841418179,3.49252864628532
img_0000846.png,4.568862629163371,3.4674956183462085
img_0000847.png,4.529153555736772,3.442720118753159
img_0000848.png,4.489233022374689,3.4182459945352726
img_0000849.png,4.449148361866025,3.3941090846078756
img_0000850.png,4.408943146700454,3.3703385264656016
img_0000851.png,4.3686578501485025,3.34695789523344
img_0000852.png,4.328330425933929,3.323986180111003
img_0000853.png,4.287996803434107,3.3014386084858742
img_0000854.png,4.247691298568707,3.2793273311776954
img_0000855.png,4.207446943071666,3.2576619839576644
img_0000856.png,4.167295736792956,3.2364501410362707
img_0000857.png,4.127268829133172,3.2156976759799036
img_0000858.png,4.0873966367474,3.195409044752778
img_0000859.png,4.047708905324253,3.1755875044456716
img_0000860.png,4.008234723601095,3.1562352799353164
img_0000861.png,3.969002497860765,3.1373536892795517
img_0000862.png,3.9300398950080537,3.1189432372090913
img_0000863.png,3.8913737619833313,3.1010036846559883
img_0000864.png,3.853030028771741,3.0835341009226
img_0000865.png,3.8150336016444353,3.0665329038619005
img_0000866.png,3.7774082525565924,3.0499978923260476
img_0000867.png,3.7401765098574424,3.0339262741608284
img_0000868.png,3.7033595546692912,3.018314692178935
img_0000869.png,3.6669771264921716,3.0031592498252278
img_0000870.png,3.631047440810854,2.9884555376664683
img_0000871.png,3.5955871207409142,2.9741986613502513
img_0000872.png,3.5608269359593088,2.960602724535321
img_0000873.png,3.5267296760512923,2.947488023703639
img_0000874.png,3.4931256785061198,2.9347707952553788
img_0000875.png,3.460029063223818,2.9224650450392695
img_0000876.png,3.4274472713556796,2.910564708278554
img_0000877.png,3.3953860259500535,2.899062674488935
img_0000878.png,3.36384957059177,2.887951614014727
img_0000879.png,3.3328407206450166,2.8772240400896067
img_0000880.png,3.3023609139643684,2.866872335723275
img_0000881.png,3.2724102683501837,2.8568887778426135
img_0000882.png,3.242987645030553,2.847265560084399
img_0000883.png,3.2140907170404276,2.8379948141818696
img_0000884.png,3.1857160413444596,2.8290686298255494
img_0000885.png,3.1578591335720416,2.8204790728956333
img_0000886.png,3.1305145442792384,2.812218201982416
img_0000887.png,3.1036759357166925,2.804278083139237
img_0000888.png,3.0773361581606915,2.796650802829208
img_0000889.png,3.0514873249522454,2.7893284790492667
img_0000890.png,3.0261208854827184,2.782303270634425
img_0000891.png,3.0012276954611927,2.775567384763305
img_0000892.png,2.976798083895842,2.7691130826990635
img_0000893.png,2.9528219163170535,2.7629326838116874
img_0000894.png,2.92928865386229,2.757018567943286
img_0000895.png,2.906187407930568,2.751363176183161
img_0000896.png,2.88350699019705,2.7459590101291873
img_0000897.png,2.86123595785529,2.7407986297190075
img_0000898.png,2.8393626540257575,2.735874649721911
img_0000899.png,2.817875243334557,2.731179734984661
img_0000900.png,2.7967617427259306,2.726706594536778
img_0000901.png,2.7760100476266305,2.7224479746577592
img_0000902.png,2.755607953629932,2.7183966510227595
img_0000903.png,2.7355431739126215,2.71454542004579
img_0000904.png,2.7158033526402647,2.7108870895474486
img_0000905.png,2.6963760746550394,2.707414468884934
img_0000906.png,2.677248871776942,2.7041203586862728
img_0000907.png,2.658409226083809,2.7009975403476627
img_0000908.png,2.6398445705686893,2.6980387654601077
img_0000909.png,2.6215422876049437,2.695236745343385
img_0000910.png,2.6034897056802633,2.692584140882933
img_0000911.png,2.585674094890428,2.690073552873912
img_0000912.png,2.5681371608354886,2.670262098117591
img_0000913.png,2.5511118433335693,2.6324716493817006
img_0000914.png,2.534610093443019,2.592493860790367
img_0000915.png,2.518618372642794,2.5470204593378964
img_0000916.png,2.503128389273392,2.4890964552426915
img_0000917.png,2.4881425697489874,2.404075705983485
img_0000918.png,2.473685661952661,2.261090697787594
img_0000919.png,2.4597302852875718,2.1714136416911396
img_0000920.png,2.446216845717499,2.107325571588361
img_0000921.png,2.433127844019279,2.0446527763323257
img_0000922.png,2.42044595609688,1.983360719062869
img_0000923.png,2.408154009978894,1.923415346460794
img_0000924.png,2.3962349658994144,1.86478311125148
img_0000925.png,2.384671899689978,1.8074311384345694
img_0000926.png,2.373447989802809,1.7513277683679627
img_0000927.png,2.362546508452122,1.6964440096483826
img_0000928.png,2.3519508175432278,1.642757048140744
img_0000929.png,2.3416443699531304,1.5902581285122481
img_0000930.png,2.3316107152507306,1.5389691651251634
img_0000931.png,2.3218335027034787,1.488975561813826
img_0000932.png,2.3122964537360042,1.440486509151735
img_0000933.png,2.30298321858013,1.3939365048052927
img_0000934.png,2.293876916344872,1.3501398583686353
img_0000935.png,2.2849590908635298,1.3105156969684029
img_0000936.png,2.276208116648687,1.2775406537765457
img_0000937.png,2.267597135671093,1.2561366519873998
img_0000938.png,2.2590920410493895,1.2564874658511667
img_0000939.png,2.2506615177333864,1.293488677433798
img_0000940.png,2.24228788601874,1.3840213861860147
img_0000941.png,2.233954040505178,1.5391828292457403
img_0000942.png,2.225624376071092,1.7722015502672943
img_0000943.png,2.2171740795219597,2.100885483517298
img_0000944.png,2.208516483057454,2.5356245650631988
img_0000945.png,2.200320953886501,2.6620408822587813
img_0000946.png,2.192538765884842,2.661457310210367
img_0000947.png,2.1848054666647947,2.6608632373644086
img_0000948.png,2.177095940071442,2.6602055619443896
img_0000949.png,2.1694047816069304,2.659472345322093
img_0000950.png,2.1617285428782687,2.6586724054835673
img_0000951.png,2.1540648571323833,2.6578080903110326
img_0000952.png,2.1464123566648867,2.656879000529355
img_0000953.png,2.138770608900103,2.655885990244767
img_0000954.png,2.1311400886023235,2.6548304647966394
img_0000955.png,2.1235221377652413,2.653714337627875
img_0000956.png,2.115918916229474,2.652540003981894
img_0000957.png,2.108333801007337,2.6513247699369886
img_0000958.png,2.100771630815726,2.650043980631786
img_0000959.png,2.0932354484053795,2.6487146704524607
img_0000960.png,2.085729687455317,2.6473409175688625
img_0000961.png,2.078259544172161,2.6459269401021728
img_0000962.png,2.0708306689977025,2.6444772335625646
img_0000963.png,2.063449042655055,2.6429965028817106
img_0000964.png,2.0561208883888855,2.6414896102260204
img_0000965.png,2.048852593267118,2.639961528511282
img_0000966.png,2.0416506338826865,2.6384172973410234
img_0000967.png,2.034521506085105,2.636861929158635
img_0000968.png,2.0274717012505015,2.6352962175515637
img_0000969.png,2.020507507984217,2.63373328356818
img_0000970.png,2.013635106249117,2.6321744438090997
img_0000971.png,2.0068604709002273,2.630624369323242
img_0000972.png,2.0001893162500948,2.629087676626982
img_0000973.png,1.99362706100608,2.62756882102933
img_0000974.png,1.9871787970189185,2.626072069869632
img_0000975.png,1.9808492628543377,2.6246014817681353
img_0000976.png,1.9746428223511747,2.6231608891929246
img_0000977.png,1.9685634479714773,2.6217538840273455
img_0000978.png,1.9626147086010393,2.6203838058815156
img_0000979.png,1.9567997613922021,2.619053732888496
img_0000980.png,1.951121347210193,2.6177664747316616
img_0000981.png,1.9455817892342033,2.6165245676554205
img_0000982.png,1.9401829942683737,2.6153302712264215
img_0000983.png,1.9349264563324493,2.6141855666213245
img_0000984.png,1.9298132621250346,2.6130921562352305
img_0000985.png,1.9248440979821801,2.6120514644226014
img_0000986.png,1.9200193302910757,2.6110460681282515
img_0000987.png,1.9153387811647227,2.610114829743508
img_0000988.png,1.910802053522096,2.6092389860477545
img_0000989.png,1.9064082428815423,2.6084193508971416
img_0000990.png,1.9021561762750556,2.6076551210851613
img_0000991.png,1.8980443359296206,2.6069462102945606
img_0000992.png,1.8940708681674896,2.6062922476779846
img_0000993.png,1.8902335945497744,2.6056925930785164
img_0000994.png,1.886530022411275,2.6051463604461675
img_0000995.png,1.8829573550713836,2.6046524174406933
img_0000996.png,1.8795125019525387,2.6042093944995535
img_0000997.png,1.8761920887150336,2.603815694085207
img_0000998.png,1.872992467557972,2.603469499796318
img_0000999.png,1.8699097278477286,2.6031687855572305
img_0001000.png,1.8669397095013036,2.6029110589292737
img_0001001.png,5.0237197755371845,2.817838003259962
img_0001002.png,5.015707009534259,2.8213307057374433
img_0001003.png,5.007459758040328,2.824679272996349
img_0001004.png,4.998974144548345,2.8278814805975276
img_0001005.png,4.990248591360124,2.8309365176386896
img_0001006.png,4.981283909636998,2.833845039332233
img_0001007.png,4.9720833584093915,2.836609188952434
img_0001008.png,4.962652671792407,2.839232608674222
img_0001009.png,4.9530000544592365,2.8417204363558746
img_0001010.png,4.943136146319995,2.844079286712634
img_0001011.png,4.933073958201153,2.8463172164884445
img_0001012.png,4.922828781085165,2.8484436741819903
img_0001013.png,4.912418072121152,2.850469435646888
img_0001014.png,4.901861321132969,2.852406527477529
img_0001015.png,4.89117990171594,2.8542681405232133
img_0001016.png,4.880396911221721,2.856068536154601
img_0001017.png,4.869537003984752,2.8578229480500204
img_0001018.png,4.8586262220531,2.859547482289823
img_0001019.png,4.847691827467702,2.8612590184613267
img_0001020.png,4.836762139807574,2.8629751143059785
img_0001021.png,4.825866382308494,2.8647139162027857
img_0001022.png,4.815034539393811,2.8664940775000645
img_0001023.png,4.804297227953079,2.868334686400291
img_0001024.png,4.793685584189944,2.8702552047888528
img_0001025.png,4.7832311673554155,2.872275419092409
img_0001026.png,4.772965881203026,2.874415403969731
img_0001027.png,4.762921913561541,2.8766954993872145
img_0001028.png,4.753131694027978,2.8791363014200764
img_0001029.png,4.74362786944448,2.881758666954099
img_0001030.png,4.734443296539262,2.8845837323419237
img_0001031.png,4.725611050884105,2.8876329459954055
img_0001032.png,4.717164451146018,2.8909281148693418
img_0001033.png,4.709137097484168,2.8944914648094944
img_0001034.png,4.701562922859672,2.8983457147989635
img_0001035.png,4.6944762559787545,2.902514165238156
img_0001036.png,4.687911894572742,2.907020800533118
img_0001037.png,4.681905187724553,2.9118904064445488
img_0001038.png,4.6764921259744945,2.9171487028636047
img_0001039.png,4.671709437972385,2.922822492933719
img_0001040.png,4.667594692482775,2.928939829730152
img_0001041.png,4.664186404590669,2.9355302020470297
img_0001042.png,4.661524144992423,2.942624741229133
img_0001043.png,4.659648651286865,2.9502564514328418
img_0001044.png,4.658601940202081,2.958460466216553
img_0001045.png,4.6584274197013595,2.967274334960916
img_0001046.png,4.659918560410185,2.9774627442784207
img_0001047.png,4.662606889492237,2.988260442854724
img_0001048.png,4.666378727222032,2.999860950240476
img_0001049.png,4.67129181756459,3.012316523486687
img_0001050.png,4.677408665550141,3.02569304716015
img_0001051.png,4.684795693364344,3.0400635603255823
img_0001052.png,4.693523765164531,3.055509435582769
img_0001053.png,4.703668869324873,3.072121891730883
img_0001054.png,4.715313016109382,3.090003878785315
img_0001055.png,4.72854545923405,3.1092724783357384
img_0001056.png,4.743464418656889,3.1300620378880635
img_0001057.png,4.760179604866483,3.1525283864273925
img_0001058.png,4.778816074958852,3.1768547080528045
img_0001059.png,4.799520404859258,3.20326008035025
img_0001060.png,4.822471116707858,3.2320125286716888
img_0001061.png,4.847897462440045,3.263450184608512
img_0001062.png,4.876116002477871,3.298017767638676
img_0001063.png,4.907406044310835,3.1832739670678
img_0001064.png,4.940984642226119,2.8814040932676823
img_0001065.png,4.976619744818192,2.5422330806883986
img_0001066.png,5.0141858522071505,2.274719990735214
img_0001067.png,5.053485927992541,2.785980777247793
img_0001068.png,5.094392048420797,3.5348440438615962
img_0001069.png,5.136863797988632,3.5770735881819298
img_0001070.png,5.180707592367205,3.6209535770364916
img_0001071.png,5.224283402805909,3.664184390465099
img_0001072.png,5.265507670365312,3.704594910123059
img_0001073.png,5.304065019839143,3.7429056179020277
img_0001074.png,5.339757837307227,3.779289605152292
img_0001075.png,5.3664276609782995,3.6589932477110727
img_0001076.png,5.386736231581995,3.6168323262709223
img_0001077.png,5.40286869443674,3.587597671573643
img_0001078.png,5.415505705866183,3.5681065894543993
img_0001079.png,5.426590642856091,3.905474707920732
img_0001080.png,5.433311046839194,3.855744992450327
img_0001081.png,5.434814921832365,3.818316437266526
img_0001082.png,5.43062098859526,3.7742000304871928
img_0001083.png,5.420631558235614,3.715838735089222
img_0001084.png,5.405032907956834,3.639707254008826
img_0001085.png,5.384344241151862,3.546983589222071
img_0001086.png,5.3593193545445885,3.442029427978532
img_0001087.png,5.330822203768104,3.3307748885801036
img_0001088.png,5.29971453615682,3.219467386453026
img_0001089.png,5.266777801813019,3.1142860890161685
img_0001090.png,5.234998818293416,3.6254934356222117
img_0001091.png,5.2015416686083995,3.5999770699678146
img_0001092.png,5.166134786302164,3.5734012008779117
img_0001093.png,5.129221851682051,3.546250843444379
img_0001094.png,5.091205886478679,3.5189349465135256
img_0001095.png,5.052446049002082,3.4917887882260294
img_0001096.png,5.013257495882643,3.4650805001473337
img_0001097.png,4.973913105518688,3.439019173483784
img_0001098.png,4.934646376925675,3.4137634382200925
img_0001099.png,4.895654971466445,3.3894297782856357
img_0001100.png,4.857104510915571,3.366100152056209
img_0001101.png,4.819132368697053,3.3438287119887216
img_0001102.png,4.7818512874254795,3.3226475647376494
img_0001103.png,4.7453527267654545,3.3025716054565075
img_0001104.png,4.709709895177464,3.283602508716225
img_0001105.png,4.6749804520654825,3.2657319797780575
img_0001106.png,4.637437717613423,3.245712444153755
img_0001107.png,4.601066018186785,3.2264002783332613
img_0001108.png,4.565774984258102,3.2082578852401094
img_0001109.png,4.531574144170185,3.191237269895343
img_0001110.png,4.4984667278980535,3.175290803385887
img_0001111.png,4.466450886985238,3.1603721131146294
img_0001112.png,4.435520780767916,3.1464365868753643
img_0001113.png,4.405667492053729,3.1334417297101886
img_0001114.png,4.376879794233007,3.121347409243982
img_0001115.png,4.349144788000073,3.110116016193484
img_0001116.png,4.322448422684404,3.0997125596308295
img_0001117.png,4.296775914730233,3.0901047109183186
img_0001118.png,4.281988120263469,3.0882360351126366
img_0001119.png,4.28121000460509,3.096296607345222
img_0001120.png,4.27985246226846,3.103976664227172
img_0001121.png,4.2778265841163865,3.1112057642791124
img_0001122.png,4.275040928961251,3.1179111869505842
img_0001123.png,4.27140293747822,3.1240191809020352
img_0001124.png,4.266820552210433,3.1294564261660844
img_0001125.png,4.261204002745514,3.1341516712627597
img_0001126.png,4.2544677017490535,3.1380374903323482
img_0001127.png,4.246532186391131,3.141052091276989
img_0001128.png,4.237326031866612,3.14314109530822
img_0001129.png,4.226787660017601,3.144259202549283
img_0001130.png,4.21486696702933,3.144371658466041
img_0001131.png,4.2015266999401195,3.1434554424291994
img_0001132.png,4.186743522053236,3.1415001125567317
img_0001133.png,4.170508721655359,3.1385082593811946
img_0001134.png,4.152828535773512,3.1344955434022435
img_0001135.png,4.133724079788699,3.1294903162578627
img_0001136.png,4.113230893132041,3.1235328498040014
img_0001137.png,4.091398133339608,3.116674935911525
img_0001138.png,4.068287447827306,3.108975793597587
img_0001139.png,4.043971598911717,3.1005041978844328
img_0001140.png,4.0185329011375615,3.0913345602652615
img_0001141.png,3.992061529174938,3.081545548041843
img_0001142.png,3.964653770288905,3.071218400386253
img_0001143.png,3.937769630205546,3.061379060133954
img_0001144.png,3.9334269658074,3.067290678813413
img_0001145.png,3.92950128203921,3.0735690589988196
img_0001146.png,3.92593820789393,3.0801809552576707
img_0001147.png,3.922678114501344,3.087088782522013
img_0001148.png,3.919655917991348,3.0942502719591465
img_0001149.png,3.9168009592115323,3.101618164948024
img_0001150.png,3.914036976789108,3.1091399637083965
img_0001151.png,3.911282191482304,3.116757760133059
img_0001152.png,3.9114145376371434,3.1266726467687107
img_0001153.png,3.911118648997648,3.1365398415691503
img_0001154.png,3.910440543350706,3.1462041094603994
img_0001155.png,3.9092752033176446,3.1555806221060436
img_0001156.png,3.9075140632898715,3.164579061737409
img_0001157.png,3.9050465506967513,3.1731047699055686
img_0001158.png,3.901761595837521,3.1810600747577498
img_0001159.png,3.8975493834728634,3.188345965966632
img_0001160.png,3.892303321282571,3.1948641063797836
img_0001161.png,3.8842761906341066,3.199078595861986
img_0001162.png,3.873604035632173,3.201426197038724
img_0001163.png,3.8616567221751406,3.202805287029536
img_0001164.png,3.84836347090849,3.2031481198043976
img_0001165.png,3.8336754448826778,3.202413628920538
img_0001166.png,3.8175580056706435,3.2005748028623793
img_0001167.png,3.7999917872357285,3.197619736261668
img_0001168.png,3.7809736003600434,3.193552342422818
img_0001169.png,3.7605172006648466,3.18839265777757
img_0001170.png,3.7386540848706313,3.1821768117006775
img_0001171.png,3.715434582634804,3.1749568108977115
img_0001172.png,3.6909296205096798,3.1668003642977967
img_0001173.png,3.6652336086682116,3.157791030391375
img_0001174.png,3.6507481307124796,3.157182251717986
img_0001175.png,3.6594543493313827,3.1739993951505117
img_0001176.png,3.6681504283294277,3.19095611984459
img_0001177.png,3.676634784897267,3.2079161819950732
img_0001178.png,3.6846440179178552,3.2245950962668894
img_0001179.png,3.6918557610841196,3.240666135852277
img_0001180.png,3.6979072337164287,3.255749453136761
img_0001181.png,3.7024282664286425,3.269452536227444
img_0001182.png,3.705079048661627,3.2814211729012275
img_0001183.png,3.705579897882997,3.291379574389774
img_0001184.png,3.703726057975345,3.299146593198854
img_0001185.png,3.699388882599622,3.304631390673131
img_0001186.png,3.6925090304823907,3.3078194219097474
img_0001187.png,3.6830868082560615,3.3087570853732076
img_0001188.png,3.6711724864429294,3.307538445622959
img_0001189.png,3.6568575322644854,3.3042943804155143
img_0001190.png,3.640266786098267,3.299183493673882
img_0001191.png,3.621551362487844,3.29238415408605
img_0001192.png,3.596524952219572,3.2783117963177717
img_0001193.png,3.5691585623140765,3.2615868804421444
img_0001194.png,3.5406575452321376,3.2445020646440645
img_0001195.png,3.5112359129566175,3.2272369908839718
img_0001196.png,3.481081308400717,3.2099261821101424
img_0001197.png,3.4503705842604306,3.1926883239902164
img_0001198.png,3.419268610482257,3.1756269704628837
img_0001199.png,3.387927282122336,3.1588313139449853
img_0001200.png,3.3564850413924074,3.142377176949421
img_0001201.png,3.3250668270597252,3.126328105430542
img_0001202.png,3.293784358208341,3.1107364841958467
img_0001203.png,3.2627366678906258,3.095644627478989
img_0001204.png,3.232010813459109,3.0810858250392252
img_0001205.png,3.201682702404047,3.067085342315877
img_0001206.png,3.1718179847767143,3.053662862601789
img_0001207.png,3.1424729686299657,3.040828742971713
img_0001208.png,3.113695544467791,3.028588756311487
img_0001209.png,3.0855260726727147,3.0169466830872134
img_0001210.png,3.0579982397792156,3.0059015296976077
img_0001211.png,3.031139865346917,2.9954494579788062
img_0001212.png,3.004973654241445,2.9855844768244015
img_0001213.png,2.9795178919724368,2.9762990057928636
img_0001214.png,2.9547870825705997,2.9675843472254
img_0001215.png,2.937907561389274,2.9639193734200875
img_0001216.png,2.9215736620202875,2.9605547210893413
img_0001217.png,2.9058616356967497,2.957475789781339
img_0001218.png,2.890797557640975,2.9546896632332773
img_0001219.png,2.8764047378750366,2.952235510746857
img_0001220.png,2.8627048609610646,2.950112904245115
img_0001221.png,2.8497181328248105,2.9483378102669615
img_0001222.png,2.837463525271213,2.9469269433495264
img_0001223.png,2.825958987826625,2.9458848683813814
img_0001224.png,2.815221630226099,2.945228043468251
img_0001225.png,2.805267923228681,2.944968046201809
img_0001226.png,2.796113875946901,2.9451165702484365
img_0001227.png,2.787775206099107,2.9456854564054566
img_0001228.png,2.7802674992670515,2.9466867793933593
img_0001229.png,2.7736063569051432,2.948132969158607
img_0001230.png,2.767807532968681,2.9500369362170105
img_0001231.png,2.7628870590577224,2.9524121964533503
img_0001232.png,2.758861358127358,2.9552729682122427
img_0001233.png,2.7557473467361864,2.958634149487029
img_0001234.png,2.7535625235996872,2.962512050558329
img_0001235.png,2.7523251064654546,2.9669040631769086
img_0001236.png,2.7472701595435987,2.9695903233920897
img_0001237.png,2.7380683954189213,2.970813414669883
img_0001238.png,2.729583251142863,2.9725707221300914
img_0001239.png,2.7219420251358386,2.9748409159387292
img_0001240.png,2.7151802822562554,2.9776248951078492
img_0001241.png,2.70931414589237,2.9809243205714346
img_0001242.png,2.704354449926886,2.9847421137944457
img_0001243.png,2.7003105323400147,2.9890758420218173
img_0001244.png,2.6971914379989834,2.993926535700412
img_0001245.png,2.6950062400691976,2.999295745761548
img_0001246.png,2.69376410712899,3.005183957683242
img_0001247.png,2.693474219672434,3.011591438843678
img_0001248.png,2.6941456024611807,3.018518134025322
img_0001249.png,2.695786891668281,3.025963482420298
img_0001250.png,2.698406038553173,3.0339261951205785
img_0001251.png,2.702009943752875,3.042403992324187
img_0001252.png,2.7066040120349353,3.0513932960844
img_0001253.png,2.7121916147628817,3.0608888734141644
img_0001254.png,2.7187734458938784,3.070883424216468
img_0001255.png,2.726346757165009,3.081367108564901
img_0001256.png,2.7349044596986007,3.0923270083220826
img_0001257.png,2.744434083296689,3.1037465190785074
img_0001258.png,2.754916592031219,3.1156046702098887
img_0001259.png,2.7663250660687853,3.12787537382926
img_0001260.png,2.778623275272461,3.1405266078457643
img_0001261.png,2.7917641895563152,3.15351954444473
img_0001262.png,2.805688492826346,3.16680764323044
img_0001263.png,2.8203231891614116,3.1803357380916033
img_0001264.png,2.8355804083397955,3.1940391584473224
img_0001265.png,2.851356529289272,3.207842938490313
img_0001266.png,2.8675317415499304,3.2216611814516583
img_0001267.png,2.883970154983723,3.235396658336777
img_0001268.png,2.9005205474628544,3.2489407301553013
img_0001269.png,2.917017811758427,3.2621736874747738
img_0001270.png,2.933285129890666,3.2749655999341343
img_0001271.png,2.949136868871682,3.2871777613890707
img_0001272.png,2.964382157528024,3.2986648053739405
img_0001273.png,2.97882906948809,3.309277551801594
img_0001274.png,2.992289300910937,3.3188666254040298
img_0001275.png,3.0045831920287958,3.327286845853404
img_0001276.png,3.015544900078281,3.3344023081764362
img_0001277.png,3.0250238031388985,3.3401692852458695
img_0001278.png,3.0329001803949716,3.344327152699723
img_0001279.png,3.0390784272968507,3.346880166893164
img_0001280.png,3.043494183592299,3.3477829167417896
img_0001281.png,3.046116279785129,3.3470230270331363
img_0001282.png,3.0469475932357435,3.3446220360029386
img_0001283.png,3.0460245725107744,3.340634379588935
img_0001284.png,3.0434154625284453,3.33514468456846
img_0001285.png,3.0392173670226765,3.328263815130814
img_0001286.png,3.0335523690622583,3.3201242985039467
img_0001287.png,3.0265629877763294,3.310875891863463
img_0001288.png,3.0184072752649804,3.3006820891389177
img_0001289.png,3.0092538509428532,3.289718911369362
img_0001290.png,2.9992771570476426,3.278170381322955
img_0001291.png,2.98865315670978,3.2662298393994273
img_0001292.png,2.9775556353296766,3.254086209261751
img_0001293.png,2.9661532002101616,3.2419057508031113
img_0001294.png,2.954606922685746,3.2298150640417322
img_0001295.png,2.9430685194455437,3.2179013136962844
img_0001296.png,2.931679064726563,3.206207146462316
img_0001297.png,2.9205681219398465,3.1948025295317652
img_0001298.png,2.909853123961713,3.1837512397450998
img_0001299.png,2.899639569808964,3.1731102638741975
img_0001300.png,2.8900213596106945,3.162923210484651
img_0001301.png,2.8810813412332323,3.1532275326278465
img_0001302.png,2.8728920080525295,3.1440553992211333
img_0001303.png,2.8655162975767228,3.135434733465864
img_0001304.png,2.859008443861088,3.1273896728834227
img_0001305.png,2.853414845186471,3.119940744192407
img_0001306.png,2.848774916843871,3.1131050312045208
img_0001307.png,2.8451219069763103,3.106896465663931
img_0001308.png,2.8424771282983596,3.055105855059254
img_0001309.png,2.84084293870273,3.0078658198052857
img_0001310.png,2.8402190504112257,2.964794138735463
img_0001311.png,2.840604937894483,2.9253428870329286
img_0001312.png,2.8420000140082635,2.8885956118481584
img_0001313.png,2.844403770190188,2.852825329769535
img_0001314.png,2.8478156907447136,2.8146508526922287
img_0001315.png,2.8522349281469115,2.7671403569659097
img_0001316.png,2.85765961733443,2.695943034945714
img_0001317.png,2.8640851767487288,2.5712496828495546
img_0001318.png,2.8715042923345395,2.3952618973386413
img_0001319.png,2.8799341598368056,2.3771244956198094
img_0001320.png,2.8893869219909623,2.369592628587163
img_0001321.png,2.8998756975287123,2.3788001585677097
img_0001322.png,2.911422417272995,2.420251310577103
img_0001323.png,2.9240636680510708,2.533525587563963
img_0001324.png,2.9378603746608736,2.7951388177504426
img_0001325.png,2.952685372670042,3.115081766427955
img_0001326.png,2.9681071782843866,3.1217293750387
img_0001327.png,2.9845382219983665,3.128958051554935
img_0001328.png,3.001981424507953,3.1367755820426035
img_0001329.png,3.020434617201376,3.145172012883453
img_0001330.png,3.0398940995997714,3.154139815554913
img_0001331.png,3.060354422179575,3.163671711251342
img_0001332.png,3.0818081554014465,3.173761849604028
img_0001333.png,3.1042456345102765,3.18440802809697
img_0001334.png,3.1276546613459826,3.1956151666555668
img_0001335.png,3.1520201320777734,3.2073988975328156
img_0001336.png,3.1773236196974186,3.2196999379492146
img_0001337.png,3.2035425375253714,3.232587018791704
img_0001338.png,3.23064964189035,3.24607032051272
img_0001339.png,3.25861414151358,3.2600888058176407
img_0001340.png,3.287405381188623,3.2746286450916875
img_0001341.png,3.316998879064342,3.289748681746694
img_0001342.png,3.3473753205165475,3.30555881618775
img_0001343.png,3.378505687068298,3.3221408475470375
img_0001344.png,3.410343665949201,3.3395033032854036
img_0001345.png,3.4428375078992577,3.3576200780120136
img_0001346.png,3.475940463820269,3.376472075405916
img_0001347.png,3.5096104323472996,3.3960528491996818
img_0001348.png,3.5438063305274614,3.4163610641605944
img_0001349.png,3.578486015765187,3.437395468855745
img_0001350.png,3.6136056222841098,3.459153089762392
img_0001351.png,3.6491193883820543,3.481628574465634
img_0001352.png,3.6849795859984598,3.5048137503856767
img_0001353.png,3.7211364650101335,3.528697182418753
img_0001354.png,3.7575381978712614,3.553263694801774
img_0001355.png,3.7941308201360417,3.5784938494830287
img_0001356.png,3.8308581623252445,3.6043633750643287
img_0001357.png,3.8676617675163287,3.63084253948073
img_0001358.png,3.9044807879689314,3.6578954585206453
img_0001359.png,3.9412518532134877,3.6854793313862726
img_0001360.png,3.9779089014672464,3.7135435939936903
img_0001361.png,4.014382966170297,3.742028980952346
img_0001362.png,4.050601910069455,3.770866488622789
img_0001363.png,4.086490100883093,3.7999762349615906
img_0001364.png,4.121968025467098,3.8292662178339283
img_0001365.png,4.15556770901682,3.855945403489816
img_0001366.png,4.185084953027556,3.8775444239777435
img_0001367.png,4.213819999215289,3.8983932823386542
img_0001368.png,4.2410458100194415,3.991424060843205
img_0001369.png,4.26571040501018,4.0
img_0001370.png,4.288220282072349,4.0
img_0001371.png,4.308876452367655,4.0
img_0001372.png,4.327884832593905,4.0
img_0001373.png,4.345375080616157,4.0
img_0001374.png,4.361422390585927,4.0
img_0001375.png,4.376064031486019,4.0
img_0001376.png,4.389310392092082,4.0
img_0001377.png,4.4011532510041205,4.0
img_0001378.png,4.411573268452461,4.0
img_0001379.png,4.4205477309259,4.0
img_0001380.png,4.428050390226267,4.0
img_0001381.png,4.434055972576331,3.9753310876167447
img_0001382.png,4.438543212550626,3.942801570831713
img_0001383.png,4.44149592421847,3.9112932689628144
img_0001384.png,4.442730685054411,3.8914603466356157
img_0001385.png,4.441885626713331,3.8755097399806857
img_0001386.png,4.4389784143998225,3.857322178418981
img_0001387.png,4.434055201606512,3.8370615423417753
img_0001388.png,4.427179646749859,3.814916389528726
img_0001389.png,4.418431446067105,3.791094161405891
img_0001390.png,4.407904433832185,3.765815056214139
img_0001391.png,4.3957043662862745,3.7393059843608425
img_0001392.png,4.3819465154830075,3.7117949828044576
img_0001393.png,4.366753194881125,3.6835063963778625
img_0001394.png,4.350251324690196,3.6546570398034035
img_0001395.png,4.332570125278738,3.6254534357600283
img_0001396.png,4.313214225253976,3.595362460438362
img_0001397.png,4.29251165123017,3.564095119681914
img_0001398.png,4.271166548160871,3.5332148460651265
img_0001399.png,4.249341104249404,3.502985069057678
img_0001400.png,4.227225477408396,3.4736813823510415
img_0001401.png,4.205047252423859,3.4457232757666265
img_0001402.png,4.183831610930898,3.147801146392254
img_0001403.png,4.1636564844090085,2.9303494538092396
img_0001404.png,4.144204421524861,2.8180705539779067
img_0001405.png,4.1251646781943885,2.8844297839061586
img_0001406.png,4.106174827115162,3.3042455290257506
img_0001407.png,4.087781947373649,3.330787458397036
img_0001408.png,4.068678673664218,3.3158164541412702
img_0001409.png,4.049115006484724,2.9252876682147892
img_0001410.png,4.029261355185424,2.4475314761203415
img_0001411.png,4.020233557971254,1.9919522948712043
img_0001412.png,4.0340013857445065,1.6967610076929673
img_0001413.png,4.04594180481221,2.02915151118165
img_0001414.png,4.056053090972428,2.5194657585609734
img_0001415.png,4.064440055080533,3.080002658475112
img_0001416.png,4.071064424333427,3.3410854134849393
img_0001417.png,4.075796439849917,3.346791848611633
img_0001418.png,4.070309180917936,3.343136561158281
img_0001419.png,4.055268859613675,3.3379140186722944
img_0001420.png,4.039942444635707,3.3309187556057696
img_0001421.png,4.02415090753717,3.3231673914930386
img_0001422.png,4.007801483730038,3.314874036607316
img_0001423.png,3.9908333417140103,3.305787818370543
img_0001424.png,3.9731983303204004,3.29574978507073
img_0001425.png,3.9548621905746355,3.284455408209232
img_0001426.png,3.935800290040612,3.272584802881367
img_0001427.png,3.915990454886633,3.259965593402687
img_0001428.png,3.8954302147056428,3.246700243336413
img_0001429.png,3.874328599879198,3.192714704512356
img_0001430.png,3.8535555587239014,3.0997887906378927
img_0001431.png,3.828258981426713,3.2044969253785784
img_0001432.png,3.8014909032238,3.189720673888214
img_0001433.png,3.774549692794219,3.1751125850036543
img_0001434.png,3.747527408935599,3.1607483144363506
img_0001435.png,3.7204895282267114,3.1466821333617303
img_0001436.png,3.6934918248261606,3.1329548270704586
img_0001437.png,3.666581043664598,3.1195949324375616
img_0001438.png,3.6397948816993213,3.1066195633476568
img_0001439.png,3.6131621486071124,3.0940348933526627
img_0001440.png,3.586703143025338,3.081838408576174
img_0001441.png,3.560430205550418,3.0700198665519154
img_0001442.png,3.5343484123245346,3.0585632497527433
img_0001443.png,3.5084563555693853,3.047448502305922
img_0001444.png,3.482746971282221,3.036653052841929
img_0001445.png,3.457208379973852,3.026153029191129
img_0001446.png,3.431824714695419,3.0159241273655013
img_0001447.png,3.4065769183517096,3.0059421663109522
img_0001448.png,3.3814434994860703,2.9961833134376
img_0001449.png,3.3564012401128185,2.9866241959422766
img_0001450.png,3.3314258529808543,2.977241845568174
img_0001451.png,3.3094464218594384,2.969838621829967
img_0001452.png,3.2892586284576355,2.964546791248172
img_0001453.png,3.268669877326942,2.959666171811021
img_0001454.png,3.2476278008804833,2.9547726218028934
img_0001455.png,3.226074953318561,2.949631911909787
img_0001456.png,3.203980726583955,2.9441904823221456
img_0001457.png,3.1813263088214896,2.938439846184393
img_0001458.png,3.1665719918512525,2.937795228255002
img_0001459.png,3.1600619094801,2.9424752573065893
img_0001460.png,3.1525088620520894,2.9465365781462927
img_0001461.png,3.143830790421567,2.949915609782942
img_0001462.png,3.133956096284118,2.95255106756479
img_0001463.png,3.122825698230421,2.954389916206135
img_0001464.png,3.110394807085352,2.955390613879371
img_0001465.png,3.096634322863442,2.9555254732228518
img_0001466.png,3.081531772289271,2.9547817031116543
img_0001467.png,3.0650917465459466,2.9531612821244115
img_0001468.png,3.047506598019674,2.9132354817119364
img_0001469.png,3.0289872592364926,2.8685961347709075
img_0001470.png,3.00961343504862,2.814297448001766
img_0001471.png,2.989483123969917,2.739977332766169
img_0001472.png,2.968716193866251,2.6232937932045886
img_0001473.png,2.947422211368276,2.5263245862989363
img_0001474.png,2.947059348515987,2.4693808733451035
img_0001475.png,2.952183946906266,2.418207336483548
img_0001476.png,2.9584693507099793,2.3722137069884797
img_0001477.png,2.965955730969491,2.3380378820308376
img_0001478.png,2.9763176000835943,2.9788264010500365
img_0001479.png,2.9879536302790104,2.9876817550496146
img_0001480.png,3.0007201878122567,2.996968154788219
img_0001481.png,3.0146133098917627,3.006828397631069
img_0001482.png,3.0296527761541037,3.0173005216101054
img_0001483.png,3.0458624290422343,3.028406624196369
img_0001484.png,3.063266210416632,3.0401650023950504
img_0001485.png,3.0818870091614796,3.0525925617064864
img_0001486.png,3.101745939325957,3.065707055674331
img_0001487.png,3.122861705897832,3.0795210193732716
img_0001488.png,3.145250147261457,3.094047828106295
img_0001489.png,3.168923923002313,3.1093023604157635
img_0001490.png,3.1938944878502245,3.1250509657547427
img_0001491.png,3.2201681867329377,3.1417939238101793
img_0001492.png,3.247744935284959,3.15931356779255
img_0001493.png,3.276623024623852,3.177610179382553
img_0001494.png,3.3067964870097257,3.1966874220572263
img_0001495.png,3.338254484575681,3.216544938063926
img_0001496.png,3.37097134598278,3.237404711506654
img_0001497.png,3.404931936819325,3.258850474957968
img_0001498.png,3.4401004912492095,3.281075498481629
img_0001499.png,3.476410995517724,3.3040295077195454
img_0001500.png,3.5137435238609194,3.327694485985404
img_0001501.png,3.551914845910102,3.3522290690304795
img_0001502.png,3.590779503409734,3.3778405501522233
img_0001503.png,3.6303097799895756,3.4046711546492663
img_0001504.png,3.6704942466309376,3.4327049491707093
img_0001505.png,3.711284935806207,3.4619430301052114
img_0001506.png,3.7526188776741756,3.492629533789294
img_0001507.png,3.7891404114748966,3.5179553376237083
img_0001508.png,3.8254220545206383,3.542078202218772
img_0001509.png,3.8620800731885354,3.567290396997227
img_0001510.png,3.899103123521373,3.5936551899281657
img_0001511.png,3.936381814373644,3.6211435585412657
img_0001512.png,3.973779279426391,3.6497040701121053
img_0001513.png,4.011138839584193,3.679264152756429
img_0001514.png,4.048282972495186,3.709723758431598
img_0001515.png,4.0850116847386815,3.74094585412816
img_0001516.png,4.1211011524024554,3.7727453522590126
img_0001517.png,4.156302860116358,3.8048807797073696
img_0001518.png,4.18855256473014,3.8127580984269436
img_0001519.png,4.216556669864732,3.868818445550465
img_0001520.png,4.24036585820348,3.986884715085483
img_0001521.png,4.26083782943158,3.7736912528145314
img_0001522.png,4.277479524849162,3.852607589588916
img_0001523.png,4.289913461442342,3.9691085527852863
img_0001524.png,4.299209776332649,4.0
img_0001525.png,4.305879591306363,4.0
img_0001526.png,4.310447807431716,4.0
img_0001527.png,4.313452456269186,4.0
img_0001528.png,4.3153571506388815,3.95249450740391
img_0001529.png,4.316556767440103,3.867290560276292
img_0001530.png,4.317375801366946,3.7711024288773
img_0001531.png,4.318197561564879,3.6603285962655923
img_0001532.png,4.320286419775623,3.5080098907084487
img_0001533.png,4.3234173475383475,3.4385937208462924
img_0001534.png,4.3270774015396345,3.4432813564732183
img_0001535.png,4.330852587414967,3.496205653906559
img_0001536.png,4.334155163731307,3.525629350821159
img_0001537.png,4.337451695514199,3.6803414955934235
img_0001538.png,4.340976890187321,3.7212074257947467
img_0001539.png,4.343385383398651,3.7842025221911024
img_0001540.png,4.344296730566896,3.8314549611112527
img_0001541.png,4.343682956907286,3.875898710571745
img_0001542.png,4.341566781952189,3.902466746510483
img_0001543.png,4.337988777643064,3.9221956766974193
img_0001544.png,4.333148113967324,3.937131024575515
img_0001545.png,4.3272651938489,3.948788654407805
img_0001546.png,4.320563456160707,3.9583603158336835
img_0001547.png,4.307599637842144,3.57885715758133
img_0001548.png,4.293259037618662,3.4938127237672236
img_0001549.png,4.279558782437792,3.4128078537622306
img_0001550.png,4.2667220861484925,3.3392428884651197
img_0001551.png,4.254905862156869,3.27542926039792
img_0001552.png,4.244197365772092,3.2224348400520713
img_0001553.png,4.234619312919353,3.1805392402854356
img_0001554.png,4.226143729323849,3.1494808372465974
img_0001555.png,4.218705427672989,3.128890842806924
img_0001556.png,4.2122173026085274,3.1181255485062236
img_0001557.png,4.206577337920463,3.1166654809111973
img_0001558.png,4.2016768910123545,3.123948124804736
img_0001559.png,4.1974054289158005,3.139404004673433
img_0001560.png,4.193653825413909,3.1624180924006615
img_0001561.png,4.190317677640711,3.1922468406668507
img_0001562.png,4.187296831985034,3.2281172427105735
img_0001563.png,4.184501310469809,3.268926191262228
img_0001564.png,4.181850072784423,3.3135854049931472
img_0001565.png,4.179274596123619,3.360758107742046
img_0001566.png,4.176719989734652,3.409105865904495
img_0001567.png,4.174142444235696,3.457454015533936
img_0001568.png,4.171511006706739,3.504658517459439
img_0001569.png,4.168804995940532,3.5497909455344323
img_0001570.png,4.1660108486149925,3.592266058810604
img_0001571.png,4.163120454647062,3.631581311081644
img_0001572.png,4.160129512539921,3.6674757161735627
img_0001573.png,4.15703557111538,3.6998414181944197
img_0001574.png,4.153836999155297,3.7286873228828394
img_0001575.png,4.150532265534789,3.75415118048737
img_0001576.png,4.147119967153638,3.776298271426362
img_0001577.png,4.143599079719094,3.7954136592518983
img_0001578.png,4.139715925112006,3.7426285727518676
img_0001579.png,4.135314985675419,3.7474419219919053
img_0001580.png,4.130906772671207,3.759929931423251
img_0001581.png,4.126415076224109,3.768947616287706
img_0001582.png,4.12178491026763,3.7748188810510177
img_0001583.png,4.116976944762604,3.778177710457652
img_0001584.png,4.111961129145747,3.7796821498197586
img_0001585.png,4.106711664554833,3.78003682689062
img_0001586.png,4.101205184246869,3.7800624425765594
img_0001587.png,4.095421125492043,3.780350182111196
img_0001588.png,4.089344146257103,3.7814374476171464
img_0001589.png,4.082966291792194,3.7836508175565964
img_0001590.png,4.0762890693910245,3.787253935994165
img_0001591.png,4.069325054814253,3.792123896345557
img_0001592.png,4.062099064725647,3.7981274067559543
img_0001593.png,4.054647577374493,3.804925689655216
img_0001594.png,4.047018216192267,3.812100030863136
img_0001595.png,4.039268343854116,3.819133206101079
img_0001596.png,4.031463578172567,3.825804157445811
img_0001597.png,4.023675906561577,3.831400227341314
img_0001598.png,4.015971172670066,3.8349312370484747
img_0001599.png,4.008393113172962,3.836616128354044
img_0001600.png,4.00104719198116,3.836913457844944
img_0001601.png,3.994024512342996,3.835435450987024
img_0001602.png,3.987417098958089,3.8322526646922177
img_0001603.png,3.981319192745331,3.827464499471384
img_0001604.png,3.9758243509309494,3.8212599283134883
img_0001605.png,3.970754232561475,3.811655891412477
img_0001606.png,3.9658552791862016,3.8010398887098145
img_0001607.png,3.9612163955144326,3.7903007979652847
img_0001608.png,3.9569054001768023,3.7795365269296743
img_0001609.png,3.9529768158253313,3.768840218990608
img_0001610.png,3.949473533981291,3.7582997658293102
img_0001611.png,3.9464278404058204,3.7479937688766176
img_0001612.png,3.9438620593651708,3.73798871946549
img_0001613.png,3.9417889542208724,3.7283378343998157
img_0001614.png,3.940211960086905,3.7190809326867313
img_0001615.png,3.9391252929124017,3.7102448026668062
img_0001616.png,3.9385139639211566,3.7018437363896073
img_0001617.png,3.9383537211661883,3.69388007409069
img_0001618.png,3.9386109373687663,3.6863446977264185
img_0001619.png,3.9375681067288406,3.6775156827097364
img_0001620.png,3.9333518695751506,3.661542237401835
img_0001621.png,3.9297884864965194,3.6468384924119577
img_0001622.png,3.926847970501894,3.6332266897990877
img_0001623.png,3.924437921160123,3.620598833728873
img_0001624.png,3.9224568869205583,3.6088443388498845
img_0001625.png,3.9207946811305256,3.597849953386307
img_0001626.png,3.919332726029025,3.5875004418574976
img_0001627.png,3.917944612364474,3.577679921895598
img_0001628.png,3.9164969200740956,3.5682738889320373
img_0001629.png,3.9148503401408634,3.5591718286199443
img_0001630.png,3.912861130819733,3.5502706813805913
img_0001631.png,3.9103829283634344,3.54147531410979
img_0001632.png,3.907268914203419,3.53269825683512
img_0001633.png,3.9033743294919194,3.5238478306818153
img_0001634.png,3.898559162498628,3.514810004626176
img_0001635.png,3.892690817998289,3.505445160733757
img_0001636.png,3.8856466595032426,3.4956092445813196
img_0001637.png,3.8773164529747177,3.4851778158624285
img_0001638.png,3.867604735485786,3.474062295359247
img_0001639.png,3.856433019214868,3.4622074936709595
img_0001640.png,3.84374163897707,3.44958760584523
img_0001641.png,3.829491110158621,3.436202040870133
img_0001642.png,3.813662963075309,3.4220587061305245
img_0001643.png,3.7962603293908908,3.4071657248201475
img_0001644.png,3.7773064693810925,3.3916105614572714
img_0001645.png,3.756840164976302,3.375300796146062
img_0001646.png,3.7349202209414476,3.3585420030290254
img_0001647.png,3.711629830594016,3.3413387041330487
img_0001648.png,3.6870583274052757,3.3237725401827634
img_0001649.png,3.6613053516082683,3.3059002037437217
img_0001650.png,3.6344785105219817,3.287815444119987
img_0001651.png,3.6066908351137044,3.269601254765348
img_0001652.png,3.5780584017067922,3.2513412426250916
img_0001653.png,3.548698182718779,3.233117536971835
img_0001654.png,3.5187261651349564,3.2150084656525593
img_0001655.png,3.4882557560599796,3.197086465292851
img_0001656.png,3.4573964780348763,3.179416506138331
img_0001657.png,3.4262529439630574,3.162055103491027
img_0001658.png,3.3949240920057164,3.145049847614636
img_0001659.png,3.363502654326963,3.1284393595427367
img_0001660.png,3.332074829845326,3.1122536379518837
img_0001661.png,3.3007201299548443,3.096514814130158
img_0001662.png,3.2695113671379143,3.0812383081010872
img_0001663.png,3.238514758881338,3.066434282834727
img_0001664.png,3.207790122560187,3.0521091923104677
img_0001665.png,3.177391140305801,3.038267181556857
img_0001666.png,3.147365675936656,3.0249111400253526
img_0001667.png,3.117756128711697,3.0120433012221315
img_0001668.png,3.088599811023444,2.9996653795839054
img_0001669.png,3.059929339257234,2.9877783208259308
img_0001670.png,3.0317730289300524,2.9763818139331866
img_0001671.png,3.0069873146219503,2.968406310688645
img_0001672.png,2.9851917259799245,2.9623855174708833
img_0001673.png,2.9636455587616863,2.9565092608067847
img_0001674.png,2.9424272496640387,2.9507031043975034
img_0001675.png,2.9215809394785537,2.9449749608534352
img_0001676.png,2.9011404106732606,2.939334725091243
img_0001677.png,2.8811356639815147,2.9338048196831563
img_0001678.png,2.8615943383391143,2.9283931285179645
img_0001679.png,2.8425419192933474,2.9231099030189416
img_0001680.png,2.8240018492700485,2.9179660341614864
img_0001681.png,2.8059957353599754,2.9129219981373238
img_0001682.png,2.7885434321169074,2.9080282900282715
img_0001683.png,2.771662793772024,2.903440523044248
img_0001684.png,2.7553702012576426,2.899204231113899
img_0001685.png,2.7396806211627185,2.8953444024794863
img_0001686.png,2.724607775994929,2.891865645462335
img_0001687.png,2.7101643100176505,2.8887546933407213
img_0001688.png,2.696361955408504,2.8859948934253468
img_0001689.png,2.683211685237863,2.8835728560018548
img_0001690.png,2.670723852017308,2.8814814901788113
img_0001691.png,2.6589083384091268,2.879717455743386
img_0001692.png,2.647774686027194,2.8782829596333586
img_0001693.png,2.637333613177947,2.877190658260372
img_0001694.png,2.6275929312429254,2.876430266971443
img_0001695.png,2.6185618530368417,2.8760189759324444
img_0001696.png,2.6102497442000705,2.875964644149484
img_0001697.png,2.6026661936326048,2.876275445274504
img_0001698.png,2.5958211057549785,2.876959718600487
img_0001699.png,2.5897247858848114,2.8780257114828762
img_0001700.png,2.584388018322249,2.879482927005422
img_0001701.png,2.5798221402158528,2.8813408127453686
img_0001702.png,2.576039105404539,2.8836092998178238
img_0001703.png,2.5730515419176685,2.8862989136075257
img_0001704.png,2.5708728020189944,2.889420866923243
img_0001705.png,2.5695170043811437,2.892987150907638
img_0001706.png,2.568999067965093,2.8970106239540008
img_0001707.png,2.5693347370835506,2.9015050994252087
img_0001708.png,2.5705405970166115,2.906485433158349
img_0001709.png,2.57263407942739,2.911967612038919
img_0001710.png,2.5756334566947934,2.9179688448341055
img_0001711.png,2.579557824124085,2.924507655912184
img_0001712.png,2.584427068839819,2.9316039827764366
img_0001713.png,2.590261823991318,2.9392792780614476
img_0001714.png,2.5970834067107735,2.947556616451891
img_0001715.png,2.6049137901226875,2.9564445157604364
img_0001716.png,2.6137764304534064,2.966003037694803
img_0001717.png,2.6188525803546536,2.9737419754826533
img_0001718.png,2.620270315946219,2.9800250009564544
img_0001719.png,2.6226670738295894,2.986790028391197
img_0001720.png,2.626030860032901,2.9940312138051106
img_0001721.png,2.630357061197497,3.0017426949175054
img_0001722.png,2.6356431310393864,3.009917419343335
img_0001723.png,2.6418869448869895,3.018546617241928
img_0001724.png,2.6490862786356204,3.027619524771861
img_0001725.png,2.6572386141421056,3.037123268284968
img_0001726.png,2.6663409899388277,3.0470429051141914
img_0001727.png,2.676389631684641,3.0573615426026417
img_0001728.png,2.6873788445134608,3.0680601522283566
img_0001729.png,2.699298342190124,3.079116262362002
img_0001730.png,2.712128501409219,3.0905011396483273
img_0001731.png,2.7258347172489237,3.102177522384368
img_0001732.png,2.7403636817255785,3.114123979889569
img_0001733.png,2.7556432872573544,3.1262439883768676
img_0001734.png,2.771583826437922,3.1385137160652983
img_0001735.png,2.788079178156183,3.1508755207864407
img_0001736.png,2.8050075981091656,3.1632621904940788
img_0001737.png,2.8222328127788976,3.175595902578416
img_0001738.png,2.8396055948907426,3.1877885544517754
img_0001739.png,2.856965734514791,3.1997425102291057
img_0001740.png,2.874144353601708,3.211351458148589
img_0001741.png,2.8909665682804753,3.222501499825399
img_0001742.png,2.907254503780871,3.233072679873962
img_0001743.png,2.9228306431903475,3.242941113019363
img_0001744.png,2.937521465134324,3.2519817895459147
img_0001745.png,2.9511612978915114,3.2600720529288605
img_0001746.png,2.9635962861203247,3.2670956380525937
img_0001747.png,2.9746883328223808,3.272947044083585
img_0001748.png,2.9843188483924967,3.277535919717957
img_0001749.png,2.992392117119834,3.2807910885222777
img_0001750.png,2.998838085639088,3.2826638529009533
img_0001751.png,3.0036143921744722,3.2831302826347493
img_0001752.png,3.0067074915277154,3.2821923019590074
img_0001753.png,3.008132786369716,3.279877521504213
img_0001754.png,3.007933744474249,3.276237909634907
img_0001755.png,3.0061800552945273,3.2713475636274576
img_0001756.png,3.0029649479615594,3.265300034523985
img_0001757.png,2.998401847766892,3.2582058840465438
img_0001758.png,2.992620584042517,3.25019134660653
img_0001759.png,2.9857633782266255,3.241398834436584
img_0001760.png,2.9779808404019903,3.231988734034386
img_0001761.png,2.969428189053591,3.222138447410356
img_0001762.png,2.9602618681436703,3.2120320779004587
img_0001763.png,2.950636685680182,3.2018288278314024
img_0001764.png,2.940703392443295,3.1916470109444166
img_0001765.png,2.9306066766395378,3.1815571726274214
img_0001766.png,2.920483529404926,3.171604911944825
img_0001767.png,2.9104620313558667,3.1618342840342812
img_0001768.png,2.9006605908887764,3.152290383761204
img_0001769.png,2.891187635132202,3.1429994592755084
img_0001770.png,2.8821415256228304,3.134030789211412
img_0001771.png,2.873610777590493,3.1254352746946994
img_0001772.png,2.8656745500980474,3.117254253373587
img_0001773.png,2.8584032055816393,3.1095249879813407
img_0001774.png,2.851858953880271,3.1022802652056716
img_0001775.png,2.8460979020880446,3.0719817021936424
img_0001776.png,2.841164109051767,3.0211137688022536
img_0001777.png,2.8370803916848404,2.9738623026407947
img_0001778.png,2.833865232236284,2.9298645499940577
img_0001779.png,2.831534234598876,2.8884972831020956
img_0001780.png,2.830100626745218,2.8485946349750466
img_0001781.png,2.8295756735564757,2.807839793225523
img_0001782.png,2.8299688661425364,2.761566948631428
img_0001783.png,2.8312877839668382,2.700167023775507
img_0001784.png,2.833537449778174,2.603783853134295
img_0001785.png,2.836718342563334,2.4315648852314586
img_0001786.png,2.840832189859152,2.2912689153983994
img_0001787.png,2.845901917218786,2.2647564573429637
img_0001788.png,2.8519401830461173,2.2504304280582117
img_0001789.png,2.8589643717496576,2.258603887936675
img_0001790.png,2.8669999318762156,2.3154213919196094
img_0001791.png,2.8760861691621873,2.475334640555747
img_0001792.png,2.8862846723333404,2.8190515974396773
img_0001793.png,2.897343326335695,3.082294055263207
img_0001794.png,2.909112132370731,3.0872768088758082
img_0001795.png,2.9218648159405527,3.092831901590244
img_0001796.png,2.9356045776510173,3.0989494486175504
img_0001797.png,2.950333676303136,3.1056370339595363
img_0001798.png,2.9660532135139306,3.112879311493538
img_0001799.png,2.9827630074561147,3.1206762055449833
img_0001800.png,3.0004613875369492,3.129020009725408
img_0001801.png,3.019145014624699,3.1379032706543915
img_0001802.png,3.038808689850148,3.1473184793507154
img_0001803.png,3.059445159528445,3.157258814570625
img_0001804.png,3.081044914064875,3.1677199056356544
img_0001805.png,3.103595972782349,3.17870272946737
img_0001806.png,3.1270836369855433,3.1902172286031254
img_0001807.png,3.1514901760761482,3.2022842134091944
img_0001808.png,3.176794484540433,3.2148253699413907
img_0001809.png,3.202971170940394,3.227952269646086
img_0001810.png,3.2299902124674027,3.241595712563086
img_0001811.png,3.257817351568267,3.255681871574799
img_0001812.png,3.2864160265951163,3.270187662836408
img_0001813.png,3.3157528964598404,3.285146806546061
img_0001814.png,3.3458023949757925,3.3006574526020005
img_0001815.png,3.376538205118193,3.316829436270707
img_0001816.png,3.4079176098464177,3.3337051760138356
img_0001817.png,3.439884543850401,3.3512604887793254
img_0001818.png,3.4723840847922665,3.369459788173815
img_0001819.png,3.505367425256546,3.3882811487390363
img_0001820.png,3.538788852701315,3.4077119720213203
img_0001821.png,3.5726026561667736,3.4277414367205274
img_0001822.png,3.6067618880254098,3.448357087559934
img_0001823.png,3.641218070117855,3.469543747446634
img_0001824.png,3.675921155458268,3.491283057546102
img_0001825.png,3.7108195384710108,3.513553115618567
img_0001826.png,3.745860074826648,3.5363281147039047
img_0001827.png,3.7809881033423767,3.559577969416936
img_0001828.png,3.8161474653024183,3.583267927327459
img_0001829.png,3.8512805157968466,3.6073581630636395
img_0001830.png,3.8863281207079368,3.6318033520299133
img_0001831.png,3.9212296321790023,3.6565522199126064
img_0001832.png,3.955922834914172,3.6815470636836265
img_0001833.png,3.990343855609002,3.7067232398452257
img_0001834.png,4.024427028360373,3.7320086165179243
img_0001835.png,4.058104710224721,3.757322988069378
img_0001836.png,4.091307043382919,3.782577454816349
img_0001837.png,4.123961663830421,3.807673776459933
img_0001838.png,4.155993361333265,3.832503716899879
img_0001839.png,4.182138511000828,3.848433949720558
img_0001840.png,4.207563927766821,3.8642582925707947
img_0001841.png,4.232036115517525,3.8790467114285523
img_0001842.png,4.2551905146530045,3.9287021871818477
img_0001843.png,4.2765031984461155,3.9751445283061293
img_0001844.png,4.296214851224313,3.9983135651331208
img_0001845.png,4.314507896264707,4.0
img_0001846.png,4.331499132391993,3.9991465039600014
img_0001847.png,4.347256649055307,3.9853244681980247
img_0001848.png,4.361812902517311,3.9659201903617607
img_0001849.png,4.375174645292082,3.9429573811970235
img_0001850.png,4.387292537031554,3.9242644777886415
img_0001851.png,4.39774894027221,3.9213260516240522
img_0001852.png,4.406400654782227,3.916096762223412
img_0001853.png,4.41319408680172,3.9085486233543536
img_0001854.png,4.418086566079753,3.8986818571174386
img_0001855.png,4.42104812076947,3.8865267542825688
img_0001856.png,4.422062981492924,3.8721443672239957
img_0001857.png,4.421130738810799,3.8556260256418637
img_0001858.png,4.418267068969617,3.8370916382318243
img_0001859.png,4.413503971478176,3.8166868444050595
img_0001860.png,4.406889496317547,3.79457917656598
img_0001861.png,4.398486974099392,3.7709534729498895
img_0001862.png,4.388373794921748,3.7460068349090156
img_0001863.png,4.376639807470582,3.7199434476631
img_0001864.png,4.363385426871863,3.6929695828645075
img_0001865.png,4.348719547298944,3.665289082934268
img_0001866.png,4.332757354268272,3.6370996014314843
img_0001867.png,4.315618123947416,3.6085898484059014
img_0001868.png,4.296706234893709,3.579588901440274
img_0001869.png,4.275535678653014,3.547256848543968
img_0001870.png,4.253552833669618,3.5153074735764323
img_0001871.png,4.230949501216645,3.4838124860473956
img_0001872.png,4.207879091700098,3.4529284242036873
img_0001873.png,4.185163911645427,3.0616864884008206
img_0001874.png,4.163370014219793,2.630344795558372
img_0001875.png,4.142200950644911,2.1409547817353776
img_0001876.png,4.12138992755299,1.7508539380979808
img_0001877.png,4.100807438822548,2.677314848506493
img_0001878.png,4.080107032744282,3.320386608326718
img_0001879.png,4.058283764651956,3.301805840574758
img_0001880.png,4.035474856280283,3.282274160855356
img_0001881.png,4.012134838694188,3.263193796099367
img_0001882.png,4.006758247809224,3.259265347988097
img_0001883.png,4.020980629969297,3.27198029080967
img_0001884.png,4.007333073056651,3.269907006187035
img_0001885.png,3.9939586378971645,3.267296831692626
img_0001886.png,3.9814393769331486,3.264653230575125
img_0001887.png,3.969632805383057,3.2618162525181074
img_0001888.png,3.95814883116765,3.258414486280629
img_0001889.png,3.946692119959555,3.254648548492221
img_0001890.png,3.935094198228572,3.2502569160845116
img_0001891.png,3.9232225190585117,3.2451841428298978
img_0001892.png,3.910987311794514,3.2394256381913076
img_0001893.png,3.898338694031829,3.233012312317226
img_0001894.png,3.885260773395978,3.2260017657912075
img_0001895.png,3.8717647845029557,3.21846923118121
img_0001896.png,3.8578817792969478,3.2104995261185927
img_0001897.png,3.8436556889090556,3.202181010767234
img_0001898.png,3.829137442032094,3.193601432753376
img_0001899.png,3.8143804337336835,3.1848449178108575
img_0001900.png,3.7994372838144304,3.1759894130871675
img_0001901.png,3.7841076573522914,3.166404687324773
img_0001902.png,3.758124504361711,3.151866225391068
img_0001903.png,3.7317041506792616,3.138511316369023
img_0001904.png,3.7052626391573704,3.1254742440528145
img_0001905.png,3.6788721957691193,3.112750263125522
img_0001906.png,3.6525805906391113,3.1003637951420373
img_0001907.png,3.6264253266111357,3.0883318471104815
img_0001908.png,3.600435156716567,3.0766623049848274
img_0001909.png,3.574630640017763,3.0653547744455203
img_0001910.png,3.5490247176729515,3.054401909255061
img_0001911.png,3.5236233824898937,3.043790893888432
img_0001912.png,3.4984264138854897,3.0335049006836527
img_0001913.png,3.473428142704118,3.0235243859501937
img_0001914.png,3.448618216616663,3.0138281427010822
img_0001915.png,3.4239823449156717,3.004394082602006
img_0001916.png,3.399503008939532,2.995199762126607
img_0001917.png,3.3751601304189838,2.986222693826147
img_0001918.png,3.3509316945871808,2.977440497059114
img_0001919.png,3.3297438558291175,2.9712718018540447
img_0001920.png,3.3106154635777836,2.9667001085634235
img_0001921.png,3.2912240119154816,2.9626360357630297
img_0001922.png,3.2714719239435612,2.9585741410650086
img_0001923.png,3.2512936165695847,2.9542869459698524
img_0001924.png,3.2306529423810075,2.9497108246421755
img_0001925.png,3.209523533957208,2.9448619200657857
img_0001926.png,3.187883819596265,2.9397194275146785
img_0001927.png,3.1657160993860294,2.9342857634052413
img_0001928.png,3.146283567085362,2.9306526133705595
img_0001929.png,3.1400822874121515,2.9355116832813835
img_0001930.png,3.1329158900412386,2.939826839085286
img_0001931.png,3.124698829004953,2.9434968997106026
img_0001932.png,3.1153541252540604,2.946477082008144
img_0001933.png,3.1048156499389243,2.9487081540743993
img_0001934.png,3.0930300458118385,2.950141159816019
img_0001935.png,3.0799583376996305,2.950740254993345
img_0001936.png,3.065577145048858,2.950484040613736
img_0001937.png,3.049944354048241,2.933515386294899
img_0001938.png,3.033308726128008,2.9016215414099316
img_0001939.png,3.015726656650746,2.87276257973615
img_0001940.png,2.997253049945387,2.8504373813116426
img_0001941.png,2.9779477211182686,2.8419085868846694
img_0001942.png,2.957867148282027,2.862258211630469
img_0001943.png,2.937267729450936,2.926880892893134
img_0001944.png,2.940307525661361,2.9364424705236947
img_0001945.png,2.944433358668757,2.9465887191732625
img_0001946.png,2.9496749101140916,2.9573451219522284
img_0001947.png,2.9560627544289195,2.968752311551838
img_0001948.png,2.965674643214183,2.975582401067094
img_0001949.png,2.9760478278881837,2.9845142567360474
img_0001950.png,2.9875765215761323,2.9934864109776615
img_0001951.png,3.0002840398603086,3.002625572232467
img_0001952.png,3.014123164392155,3.0122861064062256
img_0001953.png,3.0291060674807277,3.022556063611919
img_0001954.png,3.045255001623916,3.033461890429077
img_0001955.png,3.06259340921034,3.0450215551761755
img_0001956.png,3.081143850396467,3.0572505558347496
img_0001957.png,3.100927130476136,3.07016355276608
img_0001958.png,3.1219617122135155,3.0837748150905187
img_0001959.png,3.144263319195051,3.0980984662869107
img_0001960.png,3.1678446901378567,3.113148430640692
img_0001961.png,3.192718563783764,3.1287588093130223
img_0001962.png,3.218888391540266,3.145299065678591
img_0001963.png,3.246356828123177,3.1625833945096975
img_0001964.png,3.2751227528001725,3.180664809113794
img_0001965.png,3.3051808692788365,3.1995176454684953
img_0001966.png,3.3365210436334305,3.2191637444507393
img_0001967.png,3.3691213911809683,3.2396659957097027
img_0001968.png,3.4029642315379003,3.2608671107480007
img_0001969.png,3.4380138232222466,3.2828317507273743
img_0001970.png,3.474201077196792,3.3054836162259846
img_0001971.png,3.511402898203129,3.328867188934527
img_0001972.png,3.549439777305943,3.3531786078463197
img_0001973.png,3.5881791418394045,3.3786354827163345
img_0001974.png,3.627599790001522,3.405322970964632
img_0001975.png,3.667688393097116,3.4332226962729506
img_0001976.png,3.7083955023557706,3.462339962478457
img_0001977.png,3.7496550107224698,3.492928990722456
img_0001978.png,3.7880841598189274,3.5207397741299156
img_0001979.png,3.824191904281161,3.5449910822002018
img_0001980.png,3.860949744407734,3.5703881652892315
img_0001981.png,3.8981204005879593,3.5969828086696016
img_0001982.png,3.935566115469272,3.624745914989494
img_0001983.png,3.9731455865447898,3.653627722154156
img_0001984.png,4.010698668023073,3.6835561859216503
img_0001985.png,4.04804330806596,3.7144303026215946
img_0001986.png,4.084973599902575,3.7461102668822166
img_0001987.png,4.121258176905046,3.7784062124816624
img_0001988.png,4.156506626280851,3.8065240662667232
img_0001989.png,4.187834892408512,3.8108402844601725
img_0001990.png,4.214876685137109,3.9273459003587865
img_0001991.png,4.237787510984687,4.0
img_0001992.png,4.257593430740728,3.7627762879985838
img_0001993.png,4.273576079921911,3.8885878105866176
img_0001994.png,4.285515644380134,3.9915045161248246
img_0001995.png,4.294483718018485,4.0
img_0001996.png,4.300913704440627,4.0
img_0001997.png,4.305337187028035,4.0
img_0001998.png,4.308274238448174,4.0
img_0001999.png,4.310172155071146,3.944645038932802
img_0002000.png,4.31140966807048,3.8567032124849474
img_0002001.png,4.3122938664876616,3.7614296539621788
img_0002002.png,4.313463641873087,3.6327650981252972
img_0002003.png,4.315867365044859,3.510392732396596
img_0002004.png,4.319047208277071,3.4669762024888726
img_0002005.png,4.3225420033864905,3.4856964147407554
img_0002006.png,4.325102203924771,3.5999049842354323
img_0002007.png,4.327358288738056,3.721684876671553
img_0002008.png,4.330634407075884,3.6889383704313623
img_0002009.png,4.333393890930688,3.745572560221316
img_0002010.png,4.334800937533208,3.7958434006310906
img_0002011.png,4.334701175933974,3.8379618041879167
img_0002012.png,4.332998609829899,3.8672050622512115
img_0002013.png,4.329776423404873,3.8887234911152624
img_0002014.png,4.325199538219644,3.90466606283639
img_0002015.png,4.319531542069995,3.9183865560711304
img_0002016.png,4.312936642360284,3.928139764356832
img_0002017.png,4.305636228773475,3.9362935927462437
img_0002018.png,4.29154453724367,3.5076714593126757
img_0002019.png,4.276162477249559,3.42329812841439
img_0002020.png,4.261718809113484,3.346582160931792
img_0002021.png,4.248447371273082,3.265191759391886
img_0002022.png,4.23711586457424,3.2279359936303047
img_0002023.png,4.226269830072724,3.1778562040219285
img_0002024.png,4.216660515522003,3.13797218504083
img_0002025.png,4.208240525617696,3.1077906675127913
img_0002026.png,4.200933262988647,3.086692531555875
img_0002027.png,4.194644954200817,3.0741831834052347
img_0002028.png,4.189274139097815,3.069593357854892
img_0002029.png,4.1847174756161145,3.0724338537669422
img_0002030.png,4.180871625468893,3.082439737423954
img_0002031.png,4.177634145323229,3.0991759658416926
img_0002032.png,4.174905730494922,3.1223404004051467
img_0002033.png,4.172590359119184,3.151556828826691
img_0002034.png,4.170593159300462,3.186469306742359
img_0002035.png,4.16882519538462,3.226374885318567
img_0002036.png,4.167202821515231,3.2705510541218046
img_0002037.png,4.165650481218937,3.3179103457880417
img_0002038.png,4.164103523585235,3.3672282391360246
img_0002039.png,4.162508115288072,3.4173391988905744
img_0002040.png,4.160822294843957,3.4669742759610447
img_0002041.png,4.159015776314182,3.5150598429338853
img_0002042.png,4.157068231002033,3.5606835986702956
img_0002043.png,4.154966966933934,3.6033297930252814
img_0002044.png,4.15270432047083,3.6425145848815523
img_0002045.png,4.150276766852155,3.678040042290248
img_0002046.png,4.147682824221526,3.7098597509542426
img_0002047.png,4.144921555634911,3.738075600748963
img_0002048.png,4.1419934456791845,3.7627922566820216
img_0002049.png,4.138898105666034,3.7842861048109313
img_0002050.png,4.134979113197917,3.714509271506405
img_0002051.png,4.130909677161782,3.7334615934302207
img_0002052.png,4.126759193503375,3.7487725293450738
img_0002053.png,4.122451252655023,3.7602649235610315
img_0002054.png,4.117937205210957,3.7683909974274834
img_0002055.png,4.11318441114709,3.7739392200329864
img_0002056.png,4.108168542160061,3.7776088487350883
img_0002057.png,4.102870409751236,3.7801751256883174
img_0002058.png,4.097274752146428,3.7823316538357643
img_0002059.png,4.091369937030219,3.7847300633560983
img_0002060.png,4.085151005738236,3.7877857386452902
img_0002061.png,4.078621371660027,3.7917474829500915
img_0002062.png,4.071793750286135,3.796708128012664
img_0002063.png,4.064692180588599,3.8026278032238148
img_0002064.png,4.057351868129465,3.8091753621101496
img_0002065.png,4.049818662162847,3.815999582137854
img_0002066.png,4.042148087694539,3.82273839298377
img_0002067.png,4.034403891593078,3.8289823594699213
img_0002068.png,4.0266566324716555,3.8346095825926207
img_0002069.png,4.018981513476545,3.838788761173028
img_0002070.png,4.011407172620259,3.8397177604542874
img_0002071.png,4.004038072252219,3.8400960533309014
img_0002072.png,3.996967466085885,3.838671959864644
img_0002073.png,3.9902862060866195,3.8355845136067366
img_0002074.png,3.9840892480963266,3.830920935367976
img_0002075.png,3.9784723979938215,3.824920450671506
img_0002076.png,3.9733691744963253,3.816081271527045
img_0002077.png,3.9684368025108574,3.805459995282062
img_0002078.png,3.9637442194973924,3.7946785474107347
img_0002079.png,3.9593622858958653,3.783845716232978
img_0002080.png,3.9553482579447805,3.7730605422138916
img_0002081.png,3.9517475115991862,3.7624146092910795
img_0002082.png,3.948594648383654,3.7519894314288162
img_0002083.png,3.9459141948512393,3.7418541557700653
img_0002084.png,3.943721041899157,3.7320645591775286
img_0002085.png,3.9420207059944357,3.7226629704406826
img_0002086.png,3.940809460416343,3.7136786531837958
img_0002087.png,3.940074367475734,3.7051283511750945
img_0002088.png,3.939793234414755,3.6970168435839508
img_0002089.png,3.939934512395382,3.689337447317181
img_0002090.png,3.940457157746846,3.6820724542783196
img_0002091.png,3.935771780587806,3.6665225109101947
img_0002092.png,3.9320431411476693,3.6515275356173627
img_0002093.png,3.9289508855478954,3.6376427217341556
img_0002094.png,3.9264040561845905,3.6247636403010333
img_0002095.png,3.9243033605367232,3.612781858259271
img_0002096.png,3.92254072569723,3.6015861835135885
img_0002097.png,3.9209996097215605,3.5910630976518787
img_0002098.png,3.919555520320286,3.5810977238659323
img_0002099.png,3.918076786171194,3.5715758729623435
img_0002100.png,3.9164256231734607,3.5623849248013446
img_0002101.png,3.91445948611412,3.5534165549900045
img_0002102.png,3.91203282638698,3.544570412226148
img_0002103.png,3.9089991659905614,3.535751959284764
img_0002104.png,3.9052135080663533,3.5268651336344323
img_0002105.png,3.9005349678812813,3.5177988004938374
img_0002106.png,3.894829445524554,3.508421994689
img_0002107.png,3.8879722184356584,3.498598665102177
img_0002108.png,3.8798504719543043,3.4882106104829687
img_0002109.png,3.8703656911571045,3.4771656008101437
img_0002110.png,3.8594359617981695,3.4654052167010048
img_0002111.png,3.8469978921305024,3.452897417212829
img_0002112.png,3.833008068699535,3.4396347043500453
img_0002113.png,3.817443960136618,3.425626974004901
img_0002114.png,3.8003046596054277,3.4108597886737937
img_0002115.png,3.781609672433304,3.3954222317603295
img_0002116.png,3.761398025834165,3.37937160450267
img_0002117.png,3.7397028330209756,3.362325158475884
img_0002118.png,3.7166277077889696,3.34511352813177
img_0002119.png,3.6922575941434377,3.3275274573264815
img_0002120.png,3.6666901111562855,3.3096461382426456
img_0002121.png,3.640031311944124,3.2915506841725852
img_0002122.png,3.612393101951554,3.273323540036733
img_0002123.png,3.583890837481354,3.255047318665394
img_0002124.png,3.5546411418881236,3.2368030085812483
img_0002125.png,3.5247599824585665,3.21866794180925
img_0002126.png,3.4943610307362505,3.200713910647238
img_0002127.png,3.463554311841672,3.1830056810081837
img_0002128.png,3.432445134774806,3.1655999769724947
img_0002129.png,3.401133285528978,3.14854489539258
img_0002130.png,3.369712457793214,3.1318796961019912
img_0002131.png,3.338269891835989,3.115634974841093
img_0002132.png,3.3068861867903827,3.0998345245655887
img_0002133.png,3.275635273530713,3.084491515409725
img_0002134.png,3.2445844890348834,3.069617215964672
img_0002135.png,3.2137947560597437,3.0552197389393347
img_0002136.png,3.183320829800114,3.0412989607724272
img_0002137.png,3.153211607157748,3.0278599850251906
img_0002138.png,3.1235104705471164,3.0149048704794383
img_0002139.png,3.0942556573504127,3.0024359002651773
img_0002140.png,3.0654806443017906,2.9904551771025885
img_0002141.png,3.037214535874707,2.978963495986523
img_0002142.png,3.0119410894074683,2.966920676453319
img_0002143.png,2.990009831944082,2.960597274073651
img_0002144.png,2.9684477999804724,2.9546061526501353
img_0002145.png,2.9472220980141715,2.948647528803772
img_0002146.png,2.9263570156724317,2.9428239054294307
img_0002147.png,2.905884914583286,2.9371717692873203
img_0002148.png,2.8858372550511278,2.931711372494726
img_0002149.png,2.866243036593601,2.9264572422886945
img_0002150.png,2.8471288348930983,2.921425562314346
img_0002151.png,2.828518994814134,2.916621744024638
img_0002152.png,2.8104357964824858,2.912053980459868
img_0002153.png,2.7928997685191694,2.9077223774550722
img_0002154.png,2.7759296715041186,2.9036473514657146
img_0002155.png,2.759542521112112,2.8998316614710395
img_0002156.png,2.743753822887819,2.896283436273542
img_0002157.png,2.7285777386770254,2.8930112138087294
img_0002158.png,2.714027264559964,2.8900236239757087
img_0002159.png,2.700114415373892,2.8873292452153247
img_0002160.png,2.686850401553665,2.8849365529241378
img_0002161.png,2.674245790684352,2.8828538919397926
img_0002162.png,2.662310654111414,2.88108946356445
img_0002163.png,2.6510547017531407,2.879651328445676
img_0002164.png,2.6404887982100087,2.8785849964767367
img_0002165.png,2.630620902778533,2.8778309568242815
img_0002166.png,2.6214603062416666,2.8774270187491826
img_0002167.png,2.6130164530343403,2.877380923723951
img_0002168.png,2.6052989899716836,2.87770051040788
img_0002169.png,2.5983178596420826,2.8783937818448284
img_0002170.png,2.5920833874273557,2.879468978749961
img_0002171.png,2.586606361917474,2.8809346790636714
img_0002172.png,2.58189810847517,2.8827999056682887
img_0002173.png,2.5779705560892503,2.8850740102680783
img_0002174.png,2.5748362970522853,2.887767019930347
img_0002175.png,2.572508638945787,2.8908896346815345
img_0002176.png,2.5710016488910044,2.894453308111305
img_0002177.png,2.5703301900199604,2.898470383547708
img_0002178.png,2.5705099487824166,2.902954173509663
img_0002179.png,2.5715574532388636,2.9079190514340345
img_0002180.png,2.573490081326217,2.913380549816063
img_0002181.png,2.5763260582675755,2.9193554585687034
img_0002182.png,2.580084422843176,2.925860011088316
img_0002183.png,2.584785065829449,2.9329147127656463
img_0002184.png,2.590448613310495,2.9405426233949177
img_0002185.png,2.59709639209809,2.9487663185382558
img_0002186.png,2.604750365058659,2.95761022816788
img_0002187.png,2.613433290363909,2.9669316580576868
img_0002188.png,2.618394940347235,2.973027276627136
img_0002189.png,2.6196024342651034,2.97924666498034
img_0002190.png,2.621787494812253,2.9859193431626228
img_0002191.png,2.624936455631283,2.993052647823433
img_0002192.png,2.629044266040563,3.0006442026295796
img_0002193.png,2.6341081894669873,3.008687201775395
img_0002194.png,2.6401258663847567,3.017171999820884
img_0002195.png,2.6470947164285636,3.026086464597059
img_0002196.png,2.6550117517794973,3.0354167143238695
img_0002197.png,2.663873555193167,3.045146142485633
img_0002198.png,2.6736762954217097,3.0552566190775607
img_0002199.png,2.684415439312207,3.0657317067650256
img_0002200.png,2.6960843472221336,3.076556360107988
img_0002201.png,2.708670445329216,3.0877163511283414
img_0002202.png,2.7221485281495164,3.099193551762861
img_0002203.png,2.7364737321836747,3.1109595268359573
img_0002204.png,2.7515784901165152,3.1229711888203866
img_0002205.png,2.76737436656004,3.135172810660371
img_0002206.png,2.7837555251152244,3.1474973503539503
img_0002207.png,2.8006011715483137,3.1598712790293053
img_0002208.png,2.8177768964748853,3.1722142405316838
img_0002209.png,2.835135790010043,3.184438332576928
img_0002210.png,2.8525199060951927,3.196447455328294
img_0002211.png,2.86976224315723,3.2081372460057755
img_0002212.png,2.886689214013429,3.2193957064649448
img_0002213.png,2.90312353821052,3.2301044959845253
img_0002214.png,2.9188874979263684,3.2401408866053893
img_0002215.png,2.933806501087635,3.2493804007713623
img_0002216.png,2.9477128814396982,3.2577001181029273
img_0002217.png,2.9604498389274028,3.264982556573701
img_0002218.png,2.9718753913150295,3.27111992840726
img_0002219.png,2.9818661761431855,3.2760184744736134
img_0002220.png,2.9903209178192864,3.2796025227373278
img_0002221.png,2.9971633644987508,3.2818179137510386
img_0002222.png,3.002344508578808,3.2826344892238515
img_0002223.png,3.005843935464058,3.282047435874615
img_0002224.png,3.0076701964447867,3.2800774015215355
img_0002225.png,3.007860167879254,3.2767694452514684
img_0002226.png,3.006477432148296,3.2721910497953344
img_0002227.png,3.0036097863751645,3.266429622154344
img_0002228.png,2.999366043652422,3.259590147227607
img_0002229.png,2.993872332232204,3.251793898713652
img_0002230.png,2.987268118993101,3.243179105564944
img_0002231.png,2.979702187523633,3.2339034537150035
img_0002232.png,2.971328828304827,3.224130898494561
img_0002233.png,2.962304242172552,3.2140844910054995
img_0002234.png,2.9527837040348857,3.203919932251944
img_0002235.png,2.942919021819347,3.1937668582316294
img_0002236.png,2.9328564538244812,3.183702430667977
img_0002237.png,2.922734967450667,3.1737704546586167
img_0002238.png,2.912684913855726,3.1640137433363287
img_0002239.png,2.9028271223624005,3.1544530109425297
img_0002240.png,2.8932724673928294,3.145134473711012
img_0002241.png,2.8841217821836795,3.136108196327722
img_0002242.png,2.875465932011041,3.1274345783896527
img_0002243.png,2.8673862889631865,3.1191559380365788
img_0002244.png,2.859955270607946,3.1113115312353665
img_0002245.png,2.853236970421837,3.1039366792010323
img_0002246.png,2.8472886628836704,3.0807259710360952
img_0002247.png,2.842159195588259,3.026505513878171
img_0002248.png,2.83787410246695,2.973197006586881
img_0002249.png,2.834452737900824,2.917482125786746
img_0002250.png,2.831911390330251,2.852590616294087
img_0002251.png,2.8302636513637145,2.764627243488261
img_0002252.png,2.8295203192701073,2.6252397345437344
img_0002253.png,2.829691509825687,2.4941766766968447
img_0002254.png,2.8307971019496483,2.452083396142076
img_0002255.png,2.832858827922461,2.4452770269403703
img_0002256.png,2.8359089081958118,2.52203556348279
img_0002257.png,2.8399969824649167,2.7751381329979825
img_0002258.png,2.845000065172756,3.06461487616924
img_0002259.png,2.850688354619009,3.065919932887403
img_0002260.png,2.857325675435294,3.0678222374685653
img_0002261.png,2.864919017961795,3.07031220361909
img_0002262.png,2.873474471657916,3.0733870847343896
img_0002263.png,2.8829977097315127,3.077045025325737
img_0002264.png,2.893493925965008,3.081282833208737
img_0002265.png,2.9049677511599015,3.086097071957653
img_0002266.png,2.9174231468250564,3.091484043713355
img_0002267.png,2.930863279438332,3.0974396917833804
img_0002268.png,2.94529037776979,3.1039594753256416
img_0002269.png,2.960705575837515,3.111038226040774
img_0002270.png,2.9771087441685626,3.1186700009505675
img_0002271.png,2.9944983120546462,3.126847957199155
img_0002272.png,3.01287108332854,3.1355642973745104
img_0002273.png,3.0322220476351665,3.144810325785844
img_0002274.png,3.052544186463876,3.15457568160614
img_0002275.png,3.0738282848593013,3.1648548978711766
img_0002276.png,3.096062712677388,3.175640777953075
img_0002277.png,3.1192332021499856,3.186932887779043
img_0002278.png,3.143322575480201,3.198741623442059
img_0002279.png,3.168310365647221,3.2110698001739255
img_0002280.png,3.1941725687705063,3.22387062059014
img_0002281.png,3.220880284243062,3.237269985126985
img_0002282.png,3.248399978262948,3.251141146972751
img_0002283.png,3.2766949979953965,3.2654436711332018
img_0002284.png,3.3057299375763995,3.280179320650349
img_0002285.png,3.335476435632634,3.2954253215802494
img_0002286.png,3.3659094485427863,3.3112954306202833
img_0002287.png,3.3969913321787306,3.3278542482232436
img_0002288.png,3.428668182132995,3.3450904223291325
img_0002289.png,3.460883366050772,3.3629664623767703
img_0002290.png,3.49358598507975,3.381455220342829
img_0002291.png,3.5267293343512325,3.4005410519922474
img_0002292.png,3.560267447076897,3.4202118359671823
img_0002293.png,3.5941533877548073,3.4404544446351677
img_0002294.png,3.628338785127424,3.461253210785473
img_0002295.png,3.6627737627595174,3.482589381107373
img_0002296.png,3.6974069531493248,3.5044407602212972
img_0002297.png,3.732185528061089,3.52678137284517
img_0002298.png,3.7670552333301526,3.549581119701747
img_0002299.png,3.801960423350743,3.5728054240228997
img_0002300.png,3.8368440901200747,3.596414866914632
img_0002301.png,3.8716478807275925,3.620364809158781
img_0002302.png,3.9063120963072677,3.6446049962151728
img_0002303.png,3.9407756648632692,3.669079142528343
img_0002304.png,3.974976080157205,3.693724490946718
img_0002305.png,4.008849299153897,3.7184713434128955
img_0002306.png,4.042329591521619,3.7432425604429076
img_0002307.png,4.075349336554068,3.7679530297259216
img_0002308.png,4.107838765809159,3.792509108950883
img_0002309.png,4.139725653929031,3.8168080552353354
img_0002310.png,4.169508386851886,3.8378794290073044
img_0002311.png,4.194935028847911,3.8536535000766854
img_0002312.png,4.219410854016935,3.8682845279844216
img_0002313.png,4.2428837933791606,3.8817830542167453
img_0002314.png,4.26503624730093,3.9236246403978123
img_0002315.png,4.285469775494249,3.959431666423482
img_0002316.png,4.304393662591843,3.9751145177259737
img_0002317.png,4.321959601135873,3.9763697184378093
img_0002318.png,4.338262258138686,3.967474522422033
img_0002319.png,4.3533541867264685,3.951612619529028
img_0002320.png,4.3672572957427915,3.931160749656626
img_0002321.png,4.379838069562516,3.9219129352091384
img_0002322.png,4.390734661171782,3.9194649656041407
img_0002323.png,4.39987126695424,3.914777420383413
img_0002324.png,4.407191782041519,3.907815856443393
img_0002325.png,4.412649926507785,3.898572229162263
img_0002326.png,4.416211029583154,3.8870669300244987
img_0002327.png,4.417853635029726,3.8733498946329425
img_0002328.png,4.417570818228448,3.857500618516334
img_0002329.png,4.415371121006551,3.839627005899165
img_0002330.png,4.411279033921483,3.819863069968214
img_0002331.png,4.40533498655838,3.7983655981141524
img_0002332.png,4.397594840584627,3.775309979785929
img_0002333.png,4.388128913611249,3.750885458046345
img_0002334.png,4.377020590489668,3.7252901034483505
img_0002335.png,4.364364599720581,3.6987258212246785
img_0002336.png,4.350265044808188,3.6713936967051444
img_0002337.png,4.334833283805781,3.6434899704914256
img_0002338.png,4.318185746416293,3.615202926333642
img_0002339.png,4.300441769203353,3.586710976620363
img_0002340.png,4.2793189427281355,3.554797705969803
img_0002341.png,4.257502548335932,3.522631374013807
img_0002342.png,4.234997907718411,3.490818908179178
img_0002343.png,4.211940526377865,3.4595105080955193
img_0002344.png,4.188799551079006,3.2628059257349995
img_0002345.png,4.1665315104834075,2.963390256790938
img_0002346.png,4.144810371399701,2.784257499203422
img_0002347.png,4.123295608583603,2.8007966403716855
img_0002348.png,4.101642922910546,3.1789129246394436
img_0002349.png,4.080392128890034,3.316880408258366
img_0002350.png,4.058590705592277,3.2979619880380415
img_0002351.png,4.035654174609158,3.135978401636594
img_0002352.png,4.012083658925578,2.835132867571369
img_0002353.png,4.006292479676823,2.820267885631635
img_0002354.png,3.9926348705373162,3.2323353700933284
img_0002355.png,3.981060434841596,3.24847936415728
img_0002356.png,3.9712594311083436,3.2489157240547017
img_0002357.png,3.96193442957208,3.2489100835049016
img_0002358.png,3.952725584557228,3.2481329645583923
img_0002359.png,3.9434164875573554,3.246603371841822
img_0002360.png,3.933843548958591,3.244293213271619
img_0002361.png,3.9238781090557344,3.2411853966419946
img_0002362.png,3.9134298917310653,3.2372259334339124
img_0002363.png,3.902447048700661,3.2324810659274767
img_0002364.png,3.890907366812572,3.226986755949722
img_0002365.png,3.8788138080581835,3.2208010900227206
img_0002366.png,3.8661905318629857,3.213996877926588
img_0002367.png,3.8530773957141045,3.2066565444793778
img_0002368.png,3.8395247977294087,3.198867746888501
img_0002369.png,3.8255891812012224,3.1907198177454204
img_0002370.png,3.811329424174926,3.182298949704811
img_0002371.png,3.7968040134603287,3.1736881544226865
img_0002372.png,3.7820690344716117,3.1649382721639965
img_0002373.png,3.75608061730321,3.1501946987236726
img_0002374.png,3.7297022269365603,3.137147185167886
img_0002375.png,3.7033381966215044,3.124178694672687
img_0002376.png,3.677024435537226,3.111480691359641
img_0002377.png,3.6508045752852976,3.0991074317907525
img_0002378.png,3.6247160927437054,3.0870777121215345
img_0002379.png,3.5987882961436566,3.0754078984450626
img_0002380.png,3.573042379140555,3.0641007111904486
img_0002381.png,3.5474919278154573,3.0531522289542194
img_0002382.png,3.5221435681620985,3.0425522053435214
img_0002383.png,3.4969976980995874,3.0322850959861993
img_0002384.png,3.472049252957649,3.0223315966047006
img_0002385.png,3.4472884697681927,3.012669832705722
img_0002386.png,3.4227016293006747,3.0032764269690877
img_0002387.png,3.3982717584209174,2.994127659682241
img_0002388.png,3.373979292091126,2.9851992036121624
img_0002389.png,3.349802689559368,2.976467335846428
img_0002390.png,3.3286805107941726,2.9702329318353913
img_0002391.png,3.3096032783529155,2.966446269255297
img_0002392.png,3.290258812107405,2.962548357673672
img_0002393.png,3.270559615224391,2.958571090194156
img_0002394.png,3.2504401674226058,2.954358167212189
img_0002395.png,3.229864032073209,2.9498591774828586
img_0002396.png,3.208804845512338,2.94505289890726
img_0002397.png,3.1872411267888365,2.9399290062811687
img_0002398.png,3.165155339023353,2.934468696688077
img_0002399.png,3.144032278598562,2.929661885841214
img_0002400.png,3.1379189426817478,2.9344466781745817
img_0002401.png,3.130857912770558,2.9386658878695178
img_0002402.png,3.12276319226422,2.9422709790987236
img_0002403.png,3.1135569695934437,2.9452150018470107
img_0002404.png,3.103171580465588,2.9474685927671507
img_0002405.png,3.09155176212073,2.9489503101922163
img_0002406.png,3.0786560943636405,2.949642861561605
img_0002407.png,3.064458377071348,2.9495153963717424
img_0002408.png,3.0490158781078396,2.9330029689016746
img_0002409.png,3.0325729343427077,2.9023564133282274
img_0002410.png,3.015179454066193,2.8759529564064654
img_0002411.png,2.996885760072782,2.8586131002145905
img_0002412.png,2.977745089431552,2.8603717410397063
img_0002413.png,2.9578028744415623,2.9021084459520816
img_0002414.png,2.9373321578603617,2.9269324478465006
img_0002415.png,2.9392982969550547,2.935843510787198
img_0002416.png,2.9432125856778333,2.9458720542229404
img_0002417.png,2.9482342135887034,2.9565106549647027
img_0002418.png,2.9543925229801746,2.9677953529137637
img_0002419.png,2.9627579729073816,2.9771603386510823
img_0002420.png,2.9732264061513844,2.984556027412481
img_0002421.png,2.9847518898207532,2.992610483352251
img_0002422.png,2.9973694128953814,3.001319335705138
img_0002423.png,3.011106798678586,3.0107491860283266
img_0002424.png,3.02598925527016,3.0209827677974985
img_0002425.png,3.042040676860453,3.032048686598473
img_0002426.png,3.0592834541673626,3.043896521110483
img_0002427.png,3.077737878956788,3.056443747310858
img_0002428.png,3.097421671626143,3.0696304518360056
img_0002429.png,3.1183497265159823,3.0834340923455663
img_0002430.png,3.140533977804437,3.0978583795868917
img_0002431.png,3.163987091483213,3.112927608754433
img_0002432.png,3.188711681327394,3.128649131708316
img_0002433.png,3.2147094787370794,3.145044682902449
img_0002434.png,3.2419788836475885,3.1621185092902837
img_0002435.png,3.2705138178191433,3.179897313925956
img_0002436.png,3.3003021396127417,3.1990874784051346
img_0002437.png,3.3313190821487573,3.2182685791081624
img_0002438.png,3.3635442003118947,3.237991009707568
img_0002439.png,3.3969396988435823,3.258096376925912
img_0002440.png,3.4314534360891034,3.278348525028198
img_0002441.png,3.467014545453776,3.29946831704732
img_0002442.png,3.503558924474391,3.3233865821715156
img_0002443.png,3.5410400715702703,3.348229591502464
img_0002444.png,3.579427205127422,3.3736873271980823
img_0002445.png,3.618638810280049,3.400143396162914
img_0002446.png,3.658573036530454,3.427734660413379
img_0002447.png,3.699149015990705,3.4565257404394023
img_0002448.png,3.74029102322012,3.486561177889502
img_0002449.png,3.7796051467014755,3.51589570538741
img_0002450.png,3.816062587485329,3.5399358703429353
img_0002451.png,3.8527812370888253,3.5650512147007354
img_0002452.png,3.8898925824560844,3.5913925141809813
img_0002453.png,3.927304696284821,3.6189373452972147
img_0002454.png,3.9648835474363873,3.6476417969528407
img_0002455.png,4.002473741351098,3.6774370684449034
img_0002456.png,4.039898376238284,3.708220344804408
img_0002457.png,4.0769571785368335,3.7398487325288903
img_0002458.png,4.11342472729638,3.7721340326901975
img_0002459.png,4.149049095559262,3.8048405227251783
img_0002460.png,4.183495757807358,3.834391922757564
img_0002461.png,4.214602360520173,3.822026719042385
img_0002462.png,4.2416713559399,3.79335753480291
img_0002463.png,4.262489124265158,3.8083919630738876
img_0002464.png,4.2785999742217635,3.912593761096417
img_0002465.png,4.2906552502111,4.0
img_0002466.png,4.299415812058554,4.0
img_0002467.png,4.305569122177032,4.0
img_0002468.png,4.309758933718311,4.0
img_0002469.png,4.312535518191104,4.0
img_0002470.png,4.31436647542168,3.995045656238915
img_0002471.png,4.31564308987217,3.9012423399157887
img_0002472.png,4.316682939538932,3.8025739947801833
img_0002473.png,4.317734554146308,3.709862216393376
img_0002474.png,4.3189980649524,3.63608968040564
img_0002475.png,4.320888896186132,3.5866001136738683
img_0002476.png,4.3232635818239595,3.566746758541495
img_0002477.png,4.325460970666546,3.820872270759656
img_0002478.png,4.327992050276665,3.6953420449897125
img_0002479.png,4.330611541126347,3.7357024220894117
img_0002480.png,4.332214015790363,3.789019156679841
img_0002481.png,4.332468084001044,3.829351986140632
img_0002482.png,4.331140335726314,3.8617778556954883
img_0002483.png,4.328207569203032,3.8833221277132015
img_0002484.png,4.323791334302955,3.898846204810895
img_0002485.png,4.318090251797495,3.910027600039184
img_0002486.png,4.311330859910102,3.918251055585573
img_0002487.png,4.303746084857564,3.924608149876377
img_0002488.png,4.295561356691304,3.929941546804748
img_0002489.png,4.278668192181376,3.4675597138388445
img_0002490.png,4.262780714642196,3.38506448460732
img_0002491.png,4.247957783848954,3.311719676239092
img_0002492.png,4.235240497760896,3.416577642024828
img_0002493.png,4.222863467176856,3.1984213641155774
img_0002494.png,4.211853769597937,3.1519581533955563
img_0002495.png,4.20212749289365,3.115080314757591
img_0002496.png,4.193622362229319,3.087112618547183
img_0002497.png,4.186254072751133,3.0672153902394994
img_0002498.png,4.179928641361116,3.0547381916044767
img_0002499.png,4.174548083885077,3.049056568510715
img_0002500.png,4.170018032860476,3.0494418181539267
img_0002501.png,4.166246105034742,3.055598661492918
img_0002502.png,4.163144795873068,3.067138007709085
img_0002503.png,4.1606297141090165,3.0838543139780725
img_0002504.png,4.158618960494145,3.1056076750507584
img_0002505.png,4.157028969878549,3.1324484498936687
img_0002506.png,4.155776987905419,3.1642605017286267
img_0002507.png,4.154780654560554,3.2008384949049318
img_0002508.png,4.153956867308896,3.2418980887093127
img_0002509.png,4.153226749900906,3.2867599790378894
img_0002510.png,4.152517650978981,3.334500409371838
img_0002511.png,4.1517636457827285,3.384090951132505
img_0002512.png,4.150909976196111,3.43426365781911
img_0002513.png,4.149913050296271,3.48381201381687
img_0002514.png,4.148740371625779,3.531657208574183
img_0002515.png,4.14736989185336,3.5769015702882987
img_0002516.png,4.145786526477788,3.6189886379707037
img_0002517.png,4.143982074792663,3.6574930262949206
img_0002518.png,4.141952423840695,3.6922439838193206
img_0002519.png,4.13969564765455,3.723270236415302
img_0002520.png,4.137211876577982,3.7506326776085794
img_0002521.png,4.134200239959593,3.686196386320314
img_0002522.png,4.130488153882828,3.6993524250310905
img_0002523.png,4.126713819255309,3.721973533488093
img_0002524.png,4.122775199936335,3.7400955749451885
img_0002525.png,4.1186059387025535,3.7540002119981906
img_0002526.png,4.1141653652911785,3.7644059425991427
img_0002527.png,4.109428830935336,3.7720580482706216
img_0002528.png,4.10437929945325,3.7778279036559943
img_0002529.png,4.099005722478288,3.782425455535247
img_0002530.png,4.093301467392302,3.7866232546594647
img_0002531.png,4.087265040047825,3.7908958138332887
img_0002532.png,4.08090245651197,3.7955961249465893
img_0002533.png,4.0742277052436195,3.8009207903624755
img_0002534.png,4.06726496184883,3.806930807311971
img_0002535.png,4.060048704783488,3.8133868209866923
img_0002536.png,4.05262352020288,3.820016982269536
img_0002537.png,4.04504334234265,3.8265634952224334
img_0002538.png,4.037370544416697,3.832534600763559
img_0002539.png,4.029674362695054,3.8376286395958914
img_0002540.png,4.022028435464831,3.842237973597059
img_0002541.png,4.014483181487188,3.843182971709907
img_0002542.png,4.007101002277057,3.8434545728375813
img_0002543.png,3.999993298228979,3.842092792992166
img_0002544.png,3.9932497579330883,3.8390920456236506
img_0002545.png,3.9869639235715084,3.834557786380834
img_0002546.png,3.9812274934165406,3.8285998297793977
img_0002547.png,3.9760684609998203,3.8205770407491233
img_0002548.png,3.971117909724545,3.8100029419791253
img_0002549.png,3.9663887659651875,3.7992379315283906
img_0002550.png,3.961954433967984,3.788409799889201
img_0002551.png,3.957874281073644,3.777611853844508
img_0002552.png,3.9541956870031556,3.7669331273842115
img_0002553.png,3.9509552057528694,3.7564554070572465
img_0002554.png,3.9481792881415188,3.746249762068636
img_0002555.png,3.9458847314849117,3.73637462511281
img_0002556.png,3.944078947429448,3.726875183810183
img_0002557.png,3.9427600991623137,3.717783499653388
img_0002558.png,3.941917139579043,3.7091189391186123
img_0002559.png,3.941529772794705,3.700888690860143
img_0002560.png,3.941568357744262,3.693088266359589
img_0002561.png,3.9419937722303033,3.6857019522056174
img_0002562.png,3.937196073063186,3.6699820437273454
img_0002563.png,3.93336169080316,3.6548309288912875
img_0002564.png,3.9301735846335224,3.6407987833477327
img_0002565.png,3.9275429363341683,3.627781084573959
img_0002566.png,3.925372528521888,3.6156694158938603
img_0002567.png,3.9235563043884634,3.6043524934086593
img_0002568.png,3.921979647918781,3.5937166871366686
img_0002569.png,3.9205198626321964,3.5836471495540647
img_0002570.png,3.919046893084593,3.5740296354935377
img_0002571.png,3.9174243315335486,3.5647529686521504
img_0002572.png,3.9155107455334517,3.555711959365183
img_0002573.png,3.9131613582060996,3.5468109542753803
img_0002574.png,3.9102300715482077,3.5379602381080595
img_0002575.png,3.906571871375428,3.529072456763299
img_0002576.png,3.9020454555161566,3.5200421866343463
img_0002577.png,3.896515910945185,3.5107366768936865
img_0002578.png,3.8898572804092675,3.5010101593218708
img_0002579.png,3.8819550280004207,3.4907300832257286
img_0002580.png,3.872708424801525,3.4797957207342707
img_0002581.png,3.862032841091493,3.4681414347272157
img_0002582.png,3.849861735742285,3.4557320472717326
img_0002583.png,3.8361482076328985,3.4425586090431266
img_0002584.png,3.8208659907481146,3.4286351313171997
img_0002585.png,3.804010312528144,3.4139418822351733
img_0002586.png,3.785596949928218,3.398568489915212
img_0002587.png,3.765661257456917,3.3825743757829354
img_0002588.png,3.7442459978738025,3.3658227947905903
img_0002589.png,3.721435218415483,3.3487321526308396
img_0002590.png,3.6973122412157746,3.3312540636393617
img_0002591.png,3.671972649468773,3.3134426440941516
img_0002592.png,3.645520962216998,3.2953912606899642
img_0002593.png,3.6180680451644696,3.2771820184350164
img_0002594.png,3.589728674740703,3.258898287193851
img_0002595.png,3.5606193083159265,3.240622795186513
img_0002596.png,3.530856108309534,3.2224353197360722
img_0002597.png,3.5005532462763997,3.20441046438588
img_0002598.png,3.469821495456681,3.186615876051898
img_0002599.png,3.4387671061877674,3.1691110448108284
img_0002600.png,3.4074909479364828,3.151946655982978
img_0002601.png,3.37608789416143,3.1351643991564435
img_0002602.png,3.344646421488389,3.118797176474108
img_0002603.png,3.3132483925748772,3.1028697161425307
img_0002604.png,3.28196899225477,3.0873996016255516
img_0002605.png,3.2508767885472425,3.0723986487322703
img_0002606.png,3.220033893143885,3.0578744535610705
img_0002607.png,3.189496199319229,3.043831870484702
img_0002608.png,3.1593136783529543,3.0302741983085193
img_0002609.png,3.129530718325923,3.0172039344738883
img_0002610.png,3.100186491586203,3.004623057478853
img_0002611.png,3.071315339357275,2.992532888155769
img_0002612.png,3.042947163918173,2.9809336567976743
img_0002613.png,3.015107820535467,2.9698239636228716
img_0002614.png,2.993302516497748,2.964325653327636
img_0002615.png,2.971644476109968,2.9584070725200444
img_0002616.png,2.9502858434743886,2.952578330702802
img_0002617.png,2.929281461775453,2.9468215100726196
img_0002618.png,2.9086684253268644,2.9411477893849507
img_0002619.png,2.8884779583622815,2.935576116062661
img_0002620.png,2.868738593484341,2.930118530845621
img_0002621.png,2.8494766565257708,2.924785779461296
img_0002622.png,2.830716390131183,2.919587293622383
img_0002623.png,2.8124800658835345,2.914535745516787
img_0002624.png,2.7947883438204766,2.9095414886869007
img_0002625.png,2.7776597901964046,2.904816714686666
img_0002626.png,2.761111376357566,2.900422358268921
img_0002627.png,2.7451586210359182,2.896392097884454
img_0002628.png,2.7298157248984953,2.8927422241898615
img_0002629.png,2.715095743763254,2.8894662504721476
img_0002630.png,2.701010748825163,2.8865492994025588
img_0002631.png,2.6875719956203725,2.883974138337076
img_0002632.png,2.6747900527543402,2.881733327935716
img_0002633.png,2.6626749607116222,2.879820342640346
img_0002634.png,2.6512363623628783,2.8782352442417483
img_0002635.png,2.6404843291976636,2.8769904208229606
img_0002636.png,2.6304281003905,2.876072662672392
img_0002637.png,2.621076101072549,2.8754999455722654
img_0002638.png,2.612437597758584,2.875279906114243
img_0002639.png,2.6045220380885303,2.875420527461734
img_0002640.png,2.5973391446916496,2.8759300712269575
img_0002641.png,2.590899003630981,2.8768166895478053
img_0002642.png,2.5852121448225462,2.8780893043713816
img_0002643.png,2.580289618304368,2.8797573572527666
img_0002644.png,2.5761430621048644,2.8818305074315367
img_0002645.png,2.572784762430407,2.8843189634738966
img_0002646.png,2.5702277069833874,2.887233577208955
img_0002647.png,2.568485630619829,2.8905859347799896
img_0002648.png,2.5675730529517793,2.894388445660172
img_0002649.png,2.5675053074191596,2.898654430148043
img_0002650.png,2.5682985612519555,2.903398206255902
img_0002651.png,2.56996982562616,2.908635177005785
img_0002652.png,2.5725369551938853,2.9143819195754506
img_0002653.png,2.576018636022137,2.920656276982583
img_0002654.png,2.5804343608180362,2.9274774531425845
img_0002655.png,2.5858043901547028,2.934866112074891
img_0002656.png,2.592149698228832,2.94284448178895
img_0002657.png,2.5994919014835767,2.951436463196401
img_0002658.png,2.6078536256758924,2.9606508132728955
img_0002659.png,2.6171759225164353,2.97029568469469
img_0002660.png,2.61815210973451,2.97634547319646
img_0002661.png,2.620132081553188,2.98288265755384
img_0002662.png,2.623086230652008,2.989898696670748
img_0002663.png,2.6270048304159856,2.997387419322938
img_0002664.png,2.63188399755763,3.005342265347571
img_0002665.png,2.637721254544551,3.013755239395091
img_0002666.png,2.644514234560919,3.022616452341948
img_0002667.png,2.6522602664933688,3.031913900681551
img_0002668.png,2.660956188369162,3.0416334230647113
img_0002669.png,2.6705981243706036,3.0517588222150938
img_0002670.png,2.681180882189844,3.0622719831868235
img_0002671.png,2.6926963135863753,3.0731523874062425
img_0002672.png,2.705129798052779,3.084375091223671
img_0002673.png,2.718454835418351,3.09590749776837
img_0002674.png,2.732627784269589,3.1077331586465924
img_0002675.png,2.747585694014386,3.119751313530841
img_0002676.png,2.7632470926539483,3.1319422023779264
img_0002677.png,2.7795134617973223,3.144251676418939
img_0002678.png,2.7962702622203133,3.156617669437496
img_0002679.png,2.813387867714758,3.168967826014216
img_0002680.png,2.830722931604773,3.181219171463355
img_0002681.png,2.848120202192798,3.19327874687633
img_0002682.png,2.8654146930246482,3.2050444661219597
img_0002683.png,2.8824341851251916,3.2164061064570193
img_0002684.png,2.899002072482884,3.227246623978598
img_0002685.png,2.9149405476068515,3.2374439912915083
img_0002686.png,2.930074096988397,3.2468736808332954
img_0002687.png,2.944233248680324,3.255411831288516
img_0002688.png,2.9572584842169345,3.2629390354917267
img_0002689.png,2.969004194010327,3.2693445756570196
img_0002690.png,2.9793425225417582,3.2745308249478784
img_0002691.png,2.988166923046784,3.2784174620589885
img_0002692.png,2.995395227527533,3.2809451287863816
img_0002693.png,3.0009720423581334,3.282078203116371
img_0002694.png,3.004870305563864,3.281806450456232
img_0002695.png,3.0070918886153732,3.2801454364892466
img_0002696.png,3.0076671889711943,3.277135724769476
img_0002697.png,3.0066537319911077,3.2728410380555557
img_0002698.png,3.0041338727276057,3.267345741463756
img_0002699.png,3.0002117501221965,3.2607522178256136
img_0002700.png,2.995009691184445,3.2531789331220846
img_0002701.png,2.988664287728178,3.244760075771446
img_0002702.png,2.9813223749084368,3.2356470449333625
img_0002703.png,2.973137133644329,3.2260096539673184
img_0002704.png,2.96426451391362,3.216031933163012
img_0002705.png,2.9548601324457637,3.205886448575707
img_0002706.png,2.9450766623470006,3.1957142958310762
img_0002707.png,2.935061643241285,3.1856058255019044
img_0002708.png,2.924955670706293,3.175614187056494
img_0002709.png,2.9148909773978846,3.165781221422572
img_0002710.png,2.9049904602802283,3.1561559166412625
img_0002711.png,2.8953671521150786,3.1467690027944486
img_0002712.png,2.8861240877235814,3.1376647811104377
img_0002713.png,2.877354318434109,3.1289115007708936
img_0002714.png,2.869141324437319,3.120552319418477
img_0002715.png,2.8615595343679057,3.1126266092874757
img_0002716.png,2.85467493267093,3.105169406454551
img_0002717.png,2.848545728298894,3.0982111572385405
img_0002718.png,2.8432251442410346,3.0498100280642997
img_0002719.png,2.8387425348249176,3.0095492089572935
img_0002720.png,2.835118124357107,2.9819600113197975
img_0002721.png,2.8323690615370456,2.9766368625650337
img_0002722.png,2.8305102286469888,3.013744689261145
img_0002723.png,2.829546281689369,3.068812355882373
img_0002724.png,2.829472239232436,3.065931755483091
img_0002725.png,2.830299539172033,3.0635697837885076
img_0002726.png,2.8320264438362717,3.0617204986175826
img_0002727.png,2.834646784208844,3.060461074819421
img_0002728.png,2.838164126579489,3.0598734483383527
img_0002729.png,2.8426408149654083,3.060321158634939
img_0002730.png,2.8480662621115234,3.061468604197963
img_0002731.png,2.8544373647858645,3.063204472423286
img_0002732.png,2.8617605725855344,3.065525985937679
img_0002733.png,2.870042032881888,3.068430755063016
img_0002734.png,2.879287565770319,3.071916706482056
img_0002735.png,2.8895026223531524,3.0759587236002908
img_0002736.png,2.9006921849649587,3.080604414614214
img_0002737.png,2.912860721191728,3.0858253979524357
img_0002738.png,2.9260120429297727,3.091620249952279
img_0002739.png,2.9401491907239863,3.0979873337116954
img_0002740.png,2.955274294483697,3.1049251763832726
img_0002741.png,2.9713884267859005,3.112447091011888
img_0002742.png,2.988491474763994,3.120517871581723
img_0002743.png,3.006581942488526,3.129147795851174
img_0002744.png,3.025656828190891,3.138335070534409
img_0002745.png,3.0457114720853884,3.148074628546491
img_0002746.png,3.0667394187030084,3.158360673613591
img_0002747.png,3.088732289779018,3.169186931145325
img_0002748.png,3.111679662986236,3.180547038171484
img_0002749.png,3.1355689405739207,3.1924359665066335
img_0002750.png,3.160385166633413,3.2048516486406777
img_0002751.png,3.186110747382544,3.2177924814552057
img_0002752.png,3.2127247377219446,3.2312871551176183
img_0002753.png,3.2402011609902686,3.245292758921096
img_0002754.png,3.268505835005652,3.259851899184122
img_0002755.png,3.2975904215657876,3.274965942125168
img_0002756.png,3.327387644428006,3.2906100207625095
img_0002757.png,3.3578209611150465,3.306748241383525
img_0002758.png,3.3888305898167794,3.323377173210252
img_0002759.png,3.4203831639155515,3.3405330477998767
img_0002760.png,3.4524539054702497,3.358256436357256
img_0002761.png,3.4850113286414097,3.3765681290616625
img_0002762.png,3.518015975234909,3.395470390068493
img_0002763.png,3.5514238589137923,3.4149557661106877
img_0002764.png,3.5851886190651774,3.435012215966391
img_0002765.png,3.6192622097859837,3.4556245520983504
img_0002766.png,3.6535950533751174,3.476774487252918
img_0002767.png,3.688136084163916,3.4984403633591605
img_0002768.png,3.7228327824672878,3.52059682675797
img_0002769.png,3.75763121140611,3.5432144907947447
img_0002770.png,3.792476054515091,3.5662595895939955
img_0002771.png,3.827310649469087,3.5896936220830433
img_0002772.png,3.862077012090385,3.6134729841907784
img_0002773.png,3.8967158438739364,3.6375485862903267
img_0002774.png,3.931166515583285,3.6618654522268246
img_0002775.png,3.9653670191403556,3.6863622958533337
img_0002776.png,3.9992538801900923,3.710971071141508
img_0002777.png,4.032762024523635,3.7356164929843523
img_0002778.png,4.065824593163596,3.760215528186905
img_0002779.png,4.098372703533194,3.7846768603375436
img_0002780.png,4.130335157930845,3.80890033879267
img_0002781.png,4.161638105668775,3.8327764313855437
img_0002782.png,4.187020285368941,3.84768065831674
img_0002783.png,4.21164958251145,3.8624253113687033
img_0002784.png,4.235295724163628,3.876070521746125
img_0002785.png,4.257862241777892,3.8932938811506475
img_0002786.png,4.278838916542035,3.938584340161543
img_0002787.png,4.298226000424113,3.9612855854482443
img_0002788.png,4.3162017644873885,3.9675662260857454
img_0002789.png,4.332881090061985,3.9622094221472826
img_0002790.png,4.348331656134485,3.948786083403252
img_0002791.png,4.362586838243205,3.929935784868844
img_0002792.png,4.375534222352497,3.920972784555487
img_0002793.png,4.386822731006783,3.9189898736668307
img_0002794.png,4.39637369090261,3.914790178320363
img_0002795.png,4.404129205098453,3.908333394409368
img_0002796.png,4.41004060832252,3.8996048797715597
img_0002797.png,4.414070265642103,3.8886178536166005
img_0002798.png,4.41619322682539,3.8754147383966098
img_0002799.png,4.416398625836047,3.8600674622858104
img_0002800.png,4.414690727341419,3.842676623445022
img_0002801.png,4.411089542831583,3.823369507316104
img_0002802.png,4.4056309676267995,3.8022970428908662
img_0002803.png,4.398366423214586,3.7796298708561133
img_0002804.png,4.3893620228946,3.7555537650341155
img_0002805.png,4.378697308655625,3.730264691982035
img_0002806.png,4.366463630451746,3.703963810954487
img_0002807.png,4.352762253800829,3.6768527126261907
img_0002808.png,4.337702287603481,3.6491291800141923
img_0002809.png,4.321398522335668,3.620983741491586
img_0002810.png,4.30396926138274,3.592597283522453
img_0002811.png,4.284243641003453,3.5625721433597954
img_0002812.png,4.262580602249901,3.530322513611031
img_0002813.png,4.240209234859302,3.4983462592669143
img_0002814.png,4.217242764438754,3.4668323134572474
img_0002815.png,4.193992493696957,3.2660999736817553
img_0002816.png,4.171545488943804,2.834506560566619
img_0002817.png,4.149805308368508,2.368102020652431
img_0002818.png,4.12849594572995,1.7989759970618266
img_0002819.png,4.107408101002253,2.2012567423332614
img_0002820.png,4.0864320248756245,3.2037911126527305
img_0002821.png,4.0647235433291335,3.305711906106506
img_0002822.png,4.041900609634517,3.285740757818247
img_0002823.png,4.018343420308854,3.265976542719926
img_0002824.png,3.9941645597758306,3.2464368697945325
img_0002825.png,3.9824656831841656,3.2431679351192875
img_0002826.png,3.9729732835634524,3.2430995387180994
img_0002827.png,3.9641653945929405,3.2441673813411525
img_0002828.png,3.9556584542544835,3.244686847319606
img_0002829.png,3.947201762124755,3.2444510915015883
img_0002830.png,3.938593295107157,3.2434567116341664
img_0002831.png,3.929675687720188,3.2416701378429886
img_0002832.png,3.920323697948877,3.239066526379584
img_0002833.png,3.9104486448805322,3.2356384931328726
img_0002834.png,3.8999981090693376,3.231313082462565
img_0002835.png,3.888949349176084,3.226236503275309
img_0002836.png,3.877304680546347,3.2204312179901917
img_0002837.png,3.86508808591809,3.2139677236611344
img_0002838.png,3.8523399107190883,3.2069276386447285
img_0002839.png,3.8391117664283643,3.1993989675008563
img_0002840.png,3.825461959950199,3.191472430236879
img_0002841.png,3.8114517362551354,3.1832362316919287
img_0002842.png,3.797142287816357,3.174775954675633
img_0002843.png,3.7825925952520114,3.1661453711420595
img_0002844.png,3.7624439732756225,3.153943674005739
img_0002845.png,3.7360732525413356,3.1406978983062968
img_0002846.png,3.709703281268136,3.1277048261035887
img_0002847.png,3.6833738316064517,3.1149327454047526
img_0002848.png,3.6571259018613445,3.102470152809821
img_0002849.png,3.6309985546348296,3.090348534083017
img_0002850.png,3.6050233182877456,3.0785813088906484
img_0002851.png,3.5792235719152528,3.0671754808964664
img_0002852.png,3.5536149617743074,3.056128884464457
img_0002853.png,3.5282059992252726,3.04543276284609
img_0002854.png,3.502998769407202,3.035072846634696
img_0002855.png,3.477989688602542,3.025030717712616
img_0002856.png,3.4531702681863763,3.0152851691294837
img_0002857.png,3.428527862651231,3.005813301713225
img_0002858.png,3.404046381351548,2.996591668033303
img_0002859.png,3.379706966627958,2.9875959880203338
img_0002860.png,3.3554886191600963,2.978802667795732
img_0002861.png,3.3313687760618333,2.9701886612965653
img_0002862.png,3.3136908724487855,2.966579629402677
img_0002863.png,3.294642822583677,2.963321784632089
img_0002864.png,3.2750796318112507,2.959565640157763
img_0002865.png,3.2550646935925185,2.955458890217648
img_0002866.png,3.2345891886375453,2.9510355209899988
img_0002867.png,3.21363318511761,2.946297385852167
img_0002868.png,3.1921764403727515,2.9412405658920435
img_0002869.png,3.1702012009094975,2.935847857102172
img_0002870.png,3.1476930568066877,2.93015468940719
img_0002871.png,3.1394396518409264,2.9335734056676652
img_0002872.png,3.1325989929190317,2.9379306815646564
img_0002873.png,3.124742990145535,2.94168612945027
img_0002874.png,3.1157917154923775,2.944791559436644
img_0002875.png,3.1056749363970644,2.947216086569037
img_0002876.png,3.094334415445658,2.9488763342939874
img_0002877.png,3.0817254214529286,2.9497528935157553
img_0002878.png,3.067818193786623,2.949812394311268
img_0002879.png,3.052637273361159,2.9321526279471293
img_0002880.png,3.036425022969874,2.8924156899090114
img_0002881.png,3.0192645576910984,2.8469180147122697
img_0002882.png,3.001219446589358,2.7895756239896063
img_0002883.png,2.9823745357666747,2.70767568941717
img_0002884.png,2.9628452002398578,2.574715759219115
img_0002885.png,2.9426987963588793,2.4948579051727005
img_0002886.png,2.9386242879171505,2.4360851849149663
img_0002887.png,2.9422760410603694,2.383141202083705
img_0002888.png,2.947026215330335,2.3321757976431416
img_0002889.png,2.952904243514231,2.283221377581374
img_0002890.png,2.9608298236481434,2.9753735222488285
img_0002891.png,2.9708687612686697,2.9832231969230856
img_0002892.png,2.982017419527731,2.991407449560472
img_0002893.png,2.994255761596012,3.000134094419146
img_0002894.png,3.0076000824640543,3.0094526759535896
img_0002895.png,3.0220736220274933,3.019386328629008
img_0002896.png,3.037700834815448,3.029952155086053
img_0002897.png,3.0545059324979373,3.0411657446454634
img_0002898.png,3.072512111262469,3.053042005079868
img_0002899.png,3.0917408932958996,3.0655954342716085
img_0002900.png,3.1122116029394102,3.0788405187146966
img_0002901.png,3.133940998349565,3.0927920443011243
img_0002902.png,3.1569468182082048,3.107253113685187
img_0002903.png,3.1812366945365005,3.1226504085769182
img_0002904.png,3.2068181797428843,3.1388233817022324
img_0002905.png,3.2336957005599665,3.1557187471538373
img_0002906.png,3.261869997688504,3.1734215267960084
img_0002907.png,3.291337896507939,3.191900828620605
img_0002908.png,3.3220844427387832,3.2113576548447997
img_0002909.png,3.3541032434500258,3.231413164802704
img_0002910.png,3.387375236025597,3.252231905249512
img_0002911.png,3.42187177096552,3.273803714949982
img_0002912.png,3.4575338304941674,3.296089003946628
img_0002913.png,3.4942798008086298,3.319031596537043
img_0002914.png,3.5319456540464067,3.3428467285923142
img_0002915.png,3.570359835473689,3.367720923896621
img_0002916.png,3.609467626232174,3.3940290148417493
img_0002917.png,3.6492549670116454,3.4213425095864505
img_0002918.png,3.6896890902304698,3.4498508086930926
img_0002919.png,3.7307062351061053,3.4795972412887686
img_0002920.png,3.772225421516265,3.510605117501841
img_0002921.png,3.807840427065705,3.534588571392214
img_0002922.png,3.844369474783447,3.559436506426438
img_0002923.png,3.8813962424987447,3.5855144396093994
img_0002924.png,3.9187596312504698,3.612804321884493
img_0002925.png,3.9563234604789432,3.641266034506793
img_0002926.png,3.993936399785374,3.6708388098104683
img_0002927.png,4.031426325108731,3.7014283136046675
img_0002928.png,4.068598115207433,3.732901632044711
img_0002929.png,4.105231798638161,3.765080997614141
img_0002930.png,4.14108106664896,3.797740682463142
img_0002931.png,4.175872457625312,3.830606991410286
img_0002932.png,4.207721395296568,3.8223803371659555
img_0002933.png,4.235802946216709,3.8049352625074935
img_0002934.png,4.257947361480256,3.7979978588137393
img_0002935.png,4.275026295804171,3.8784141586364695
img_0002936.png,4.287909061533172,4.0
img_0002937.png,4.2973703157391725,4.0
img_0002938.png,4.304065470883605,4.0
img_0002939.png,4.308659289081231,4.0
img_0002940.png,4.311719711902374,4.0
img_0002941.png,4.313731232375123,4.0
img_0002942.png,4.3151013379918535,3.9232779680534997
img_0002943.png,4.316163839351074,3.8248610773982823
img_0002944.png,4.317181666512182,3.7297546823763343
img_0002945.png,4.3183595928862974,3.6482785883483215
img_0002946.png,4.320114074715021,3.5935281581838314
img_0002947.png,4.322453795223596,3.5707949276408777
img_0002948.png,4.324882191556747,3.6575923258184693
img_0002949.png,4.327103011817428,3.7211590452415266
img_0002950.png,4.329888147638009,3.7222128111111457
img_0002951.png,4.331776437303137,3.7727185711483653
img_0002952.png,4.332339004820087,3.8196319314009313
img_0002953.png,4.331399637913198,3.85391544635796
img_0002954.png,4.328866775108879,3.877778742811129
img_0002955.png,4.324810983197007,3.8947112100216636
img_0002956.png,4.319419144365114,3.906903534102824
img_0002957.png,4.3129130175987385,3.9158207450235283
img_0002958.png,4.305525159551105,3.9226245032684854
img_0002959.png,4.297483482526683,3.928212697270129
img_0002960.png,4.282630009320987,3.488471110268714
img_0002961.png,4.2665260912872025,3.404007064923464
img_0002962.png,4.251438148388745,3.3283239971991625
img_0002963.png,4.238422933563955,3.428278783725834
img_0002964.png,4.225748877173414,3.2101554162314776
img_0002965.png,4.214439621032281,3.1614247090586547
img_0002966.png,4.20442252499276,3.122380761412698
img_0002967.png,4.195642394883122,3.092365990106827
img_0002968.png,4.188018552534674,3.070742808791615
img_0002969.png,4.181459167535692,3.056644349566776
img_0002970.png,4.175866746808995,3.049501392317824
img_0002971.png,4.171145638089801,3.0485252410344943
img_0002972.png,4.16720335480381,3.0534300643724723
img_0002973.png,4.163951270570716,3.0637857697884874
img_0002974.png,4.161304396961849,3.079359774689818
img_0002975.png,4.1591803900190625,3.099987582485644
img_0002976.png,4.157496070157954,3.1257204938643826
img_0002977.png,4.156168518012054,3.1564474471524333
img_0002978.png,4.155115360008173,3.191994089559664
img_0002979.png,4.154253086143448,3.232127298662339
img_0002980.png,4.153501923889026,3.2762259355346894
img_0002981.png,4.152787630865678,3.323418283970322
img_0002982.png,4.152042573279479,3.372725182147563
img_0002983.png,4.15120944661126,3.4228876162398376
img_0002984.png,4.150242176185828,3.472686123245648
img_0002985.png,4.149105899775321,3.5210052045209004
img_0002986.png,4.147776529892253,3.5668959004349983
img_0002987.png,4.146237363884727,3.609746969092538
img_0002988.png,4.144479046449391,3.649080974351916
img_0002989.png,4.14249671151295,3.6846834534637107
img_0002990.png,4.140288083966821,3.7165507639359605
img_0002991.png,4.137852868288325,3.744712737849944
img_0002992.png,4.135191364407957,3.769421840120332
img_0002993.png,4.13140213039409,3.693556659854985
img_0002994.png,4.1276465763924755,3.7172467217991914
img_0002995.png,4.12374978666972,3.7363842829414358
img_0002996.png,4.119636292714835,3.751183582173206
img_0002997.png,4.115260306528768,3.762323490839525
img_0002998.png,4.1105939942338905,3.7705182041871126
img_0002999.png,4.1056186963400565,3.7766479276345484
img_0003000.png,4.100321916811517,3.781466807167745
img_0003001.png,4.094696086041402,3.7856646139141694
img_0003002.png,4.088738008551729,3.789866444561433
img_0003003.png,4.082451805992087,3.7944239981529964
img_0003004.png,4.075849271031352,3.7996233893782794
img_0003005.png,4.06895228687012,3.8054472396417545
img_0003006.png,4.061792611121289,3.8118047322738713
img_0003007.png,4.054412443142083,3.818449649006719
img_0003008.png,4.046863754845484,3.8250198963413906
img_0003009.png,4.039206789632028,3.8311800684080706
img_0003010.png,4.031509379680281,3.8365203832620436
img_0003011.png,4.02384468106441,3.8412583814793044
img_0003012.png,4.0162755270155275,3.8430553767700193
img_0003013.png,4.008840174814103,3.843563559593432
img_0003014.png,4.001658720720917,3.842559728122561
img_0003015.png,3.994819732985998,3.839946355425606
img_0003016.png,3.9884159690813004,3.8357717200484824
img_0003017.png,3.9825397600689674,3.8301320514936776
img_0003018.png,3.9772718233488895,3.823034938807938
img_0003019.png,3.972280080112582,3.812549467797063
img_0003020.png,3.9674907635081142,3.8018142210531867
img_0003021.png,3.9629801123126875,3.7909926693487304
img_0003022.png,3.9588106021827985,3.780179359151862
img_0003023.png,3.955032351454938,3.769464491091301
img_0003024.png,3.9516844231602954,3.758931946880918
img_0003025.png,3.948795633714612,3.7486555945056335
img_0003026.png,3.9463850574917227,3.7386969821361347
img_0003027.png,3.9444623324475576,3.7291044715732817
img_0003028.png,3.943027825201229,3.719913229395738
img_0003029.png,3.942072690634948,3.7111456101910028
img_0003030.png,3.941578849967887,3.7028116661538
img_0003031.png,3.9415189065664027,3.6949096566408954
img_0003032.png,3.941856017718202,3.687426512416817
img_0003033.png,3.9382703327952697,3.673886786046853
img_0003034.png,3.934271120938087,3.6584437324699977
img_0003035.png,3.930934801897509,3.6441497642786773
img_0003036.png,3.9281778308375888,3.6308958519866517
img_0003037.png,3.9259051299620733,3.618574250248906
img_0003038.png,3.924012729665175,3.607074313980684
img_0003039.png,3.922388017367364,3.5962828792911754
img_0003040.png,3.920910165133535,3.586085234749333
img_0003041.png,3.919450789287181,3.576366774573004
img_0003042.png,3.9178748855781915,3.567015320933061
img_0003043.png,3.9160420775079947,3.557923962791057
img_0003044.png,3.913808210749257,3.5489947665315125
img_0003045.png,3.91102729383125,3.540136401443533
img_0003046.png,3.907553817553469,3.5312628523556917
img_0003047.png,3.9032453458509955,3.522274431298361
img_0003048.png,3.8979652009179375,3.5130446368497514
img_0003049.png,3.8915850609673015,3.503428204978115
img_0003050.png,3.883987447575757,3.4932879511382064
img_0003051.png,3.8750681245597383,3.482513961167554
img_0003052.png,3.8647384310862334,3.471032856176344
img_0003053.png,3.852927355844013,3.458802579192075
img_0003054.png,3.8395832057301207,3.44580826427854
img_0003055.png,3.8246747409154764,3.4320587093201635
img_0003056.png,3.8081919986766026,3.41754407042648
img_0003057.png,3.790146057404744,3.4023251423878733
img_0003058.png,3.770567657500988,3.386471109598357
img_0003059.png,3.7494976340416297,3.3698589744494285
img_0003060.png,3.7270112936079833,3.3528723060462267
img_0003061.png,3.70319155422745,3.335472211896462
img_0003062.png,3.678131552145617,3.317736767805711
img_0003063.png,3.6519339169437597,3.299733509158009
img_0003064.png,3.6247082324538096,3.281552757378316
img_0003065.png,3.596568555662353,3.2632777272329223
img_0003066.png,3.5676311336076925,3.244991500310819
img_0003067.png,3.538012363948984,3.2267747662880675
img_0003068.png,3.5078270309987563,3.2087035400770016
img_0003069.png,3.4771868296262602,3.1908472532640078
img_0003070.png,3.4461991744559075,3.173267412898519
img_0003071.png,3.414966280355891,3.1560168303123506
img_0003072.png,3.3835844919573526,3.139139329137787
img_0003073.png,3.3521438345642203,3.1226698599090827
img_0003074.png,3.320727756104729,3.106635014865814
img_0003075.png,3.289413029476363,3.091053960392145
img_0003076.png,3.258269786269671,3.075939743619957
img_0003077.png,3.2273616557107863,3.061300820614298
img_0003078.png,3.1967459859786476,3.0471425733328603
img_0003079.png,3.1664741282687303,3.0334685817447955
img_0003080.png,3.1365917668386283,3.020281488200177
img_0003081.png,3.1071392807789264,3.0075833906533
img_0003082.png,3.078152125483572,2.9953757952377846
img_0003083.png,3.049661223802912,2.9836592382010387
img_0003084.png,3.02169335866083,2.972432752464353
img_0003085.png,2.9993543274083643,2.962914944731999
img_0003086.png,2.977643131132467,2.9569703502672384
img_0003087.png,2.956269688845906,2.9509800280717653
img_0003088.png,2.93524335593075,2.9450886044505724
img_0003089.png,2.9145944220543027,2.93936088518797
img_0003090.png,2.894355061074517,2.9338222462473187
img_0003091.png,2.8745553609852763,2.928488251719073
img_0003092.png,2.85522294832363,2.9233708342921734
img_0003093.png,2.83638314684647,2.9184786280070796
img_0003094.png,2.8180591617768953,2.913817563494103
img_0003095.png,2.8002722899453305,2.909405492704771
img_0003096.png,2.7830421077012266,2.9052259002691736
img_0003097.png,2.76638642724126,2.9012974842862276
img_0003098.png,2.7503214537314196,2.8976283591022565
img_0003099.png,2.7348619737388287,2.8942276837923258
img_0003100.png,2.720021532481615,2.8911055913910872
img_0003101.png,2.705812610103023,2.8882700966102766
img_0003102.png,2.6922468109582924,2.8857313527580635
img_0003103.png,2.679335014773213,2.883496461194656
img_0003104.png,2.6670875312324216,2.881573903771016
img_0003105.png,2.655514243179488,2.879972364426796
img_0003106.png,2.644625411368159,2.8787387894771803
img_0003107.png,2.634430494672164,2.8778109503900895
img_0003108.png,2.6249380524671806,2.8772289327502505
img_0003109.png,2.6161574716164138,2.8770010776602164
img_0003110.png,2.608098295551435,2.87713518679566
img_0003111.png,2.6007703184273496,2.877639193926665
img_0003112.png,2.5941836752877214,2.878521560842824
img_0003113.png,2.5883489254853043,2.8797905550045693
img_0003114.png,2.583277130834187,2.881454763801348
img_0003115.png,2.578979925608428,2.883523404094892
img_0003116.png,2.5754695793186624,2.8860062302078493
img_0003117.png,2.572759052507049,2.8889136266934328
img_0003118.png,2.570862044963472,2.89225670292329
img_0003119.png,2.569793035982043,2.896047388783508
img_0003120.png,2.5695673162056707,2.900298530899805
img_0003121.png,2.5702010105069104,2.9050239890792575
img_0003122.png,2.5717110912385106,2.910238732966175
img_0003123.png,2.574115381067119,2.9159589390719374
img_0003124.png,2.5774325444624067,2.9222020886452476
img_0003125.png,2.581682066756558,2.9289870670501554
img_0003126.png,2.5868842195299377,2.9363342653244926
img_0003127.png,2.5930600108979722,2.9442656846376463
img_0003128.png,2.600231119079546,2.952805044314646
img_0003129.png,2.608420036423646,2.961800943909023
img_0003130.png,2.6176506678630593,2.9716367719022454
img_0003131.png,2.6183907514129463,2.9760305673956955
img_0003132.png,2.620127589763368,2.982489184024648
img_0003133.png,2.622834521891882,2.9894036559998383
img_0003134.png,2.626502555387321,2.9967769027442666
img_0003135.png,2.6311279665434433,3.0046043753026654
img_0003136.png,2.6367082455315294,3.0128778568878882
img_0003137.png,2.6432408884654595,3.0215864521699753
img_0003138.png,2.65072301877541,3.0307168323485705
img_0003139.png,2.65915128083655,3.040253513513826
img_0003140.png,2.6685218438225884,3.0501795265048015
img_0003141.png,2.6788303276645014,3.0604776430978515
img_0003142.png,2.690071118232644,3.0711318612388974
img_0003143.png,2.702234954951695,3.0821278379662944
img_0003144.png,2.7153036239753914,3.093450163965545
img_0003145.png,2.729242560984417,3.10507612696348
img_0003146.png,2.7439952489727184,3.1169661169759775
img_0003147.png,2.7594829319437184,3.1290745508573328
img_0003148.png,2.775607597303458,3.1413392099334763
img_0003149.png,2.792255212656708,3.1536896819663074
img_0003150.png,2.809297576019683,3.1660487330342595
img_0003151.png,2.826593471036921,3.1783320318063346
img_0003152.png,2.8439899303859866,3.190447370408188
img_0003153.png,2.8613239660681975,3.2022942525287723
img_0003154.png,2.8784248125927534,3.2137641562323203
img_0003155.png,2.8951166247329363,3.2247414841853335
img_0003156.png,2.9112215653356506,3.2351051817818544
img_0003157.png,2.9265632271110293,3.244731040211601
img_0003158.png,2.940970326468927,3.2534946975965955
img_0003159.png,2.954280586369837,3.261275289538063
img_0003160.png,2.9663446948329706,3.2679595997575284
img_0003161.png,2.977030192839976,3.273446452898571
img_0003162.png,2.9862251167402944,3.2776510088425077
img_0003163.png,2.9938412027836003,3.280508586858973
img_0003164.png,2.999816461061564,3.2819776768992615
img_0003165.png,3.0041169467327693,3.282041875575147
img_0003166.png,3.006737598406154,3.2807105992594483
img_0003167.png,3.0077020735674855,3.278018562507814
img_0003168.png,3.0070615820085163,3.2740241616825543
img_0003169.png,3.0048927911336354,3.2688070761465253
img_0003170.png,3.001294942179664,3.26246560330459
img_0003171.png,2.996386365964088,3.2551144735967643
img_0003172.png,2.9903006165999764,3.2468840414672533
img_0003173.png,2.9831824522815142,3.2379213905612767
img_0003174.png,2.9751838880697536,3.2283920236482104
img_0003175.png,2.966460526342732,3.2184778389282824
img_0003176.png,2.957168329663748,3.2083565880018545
img_0003177.png,2.9474609022311573,3.1981793761868604
img_0003178.png,2.9374872012113005,3.188048487928021
img_0003179.png,2.9273896386512064,3.1780236855598814
img_0003180.png,2.917302563557004,3.1681477815104495
img_0003181.png,2.9073511795834497,3.1584691100772178
img_0003182.png,2.897650909079308,3.149021078968842
img_0003183.png,2.8883071932907485,3.1398403338937926
img_0003184.png,2.879415451312193,3.1309980338264514
img_0003185.png,2.8710614119455564,3.122539854572643
img_0003186.png,2.8633216199291764,3.1145061368926887
img_0003187.png,2.856264022309475,3.1069329905360554
img_0003188.png,2.8499486261440024,3.099851963768554
img_0003189.png,2.8444306990665575,3.047817378507454
img_0003190.png,2.8397456717586467,2.990955754783212
img_0003191.png,2.8359146758387728,2.929687382464607
img_0003192.png,2.8329554807408153,2.8550022633433416
img_0003193.png,2.830882871497314,2.748350731683072
img_0003194.png,2.8297087319586014,2.585318408513841
img_0003195.png,2.8294489373933143,2.5254492211517467
img_0003196.png,2.83012278989508,2.4862066822459044
img_0003197.png,2.8317555425207805,2.4948429471618465
img_0003198.png,2.8343851086677248,2.617345434706883
img_0003199.png,2.8380690148892977,2.963098216618197
img_0003200.png,2.842447905508692,3.064421140839828
img_0003201.png,2.847674519274251,3.0654261659041775
img_0003202.png,2.853847270682256,3.0670235395700813
img_0003203.png,2.8609728218158184,3.0692110705137425
img_0003204.png,2.86905743906377,3.071986356549402
img_0003205.png,2.878106985268709,3.075346705004726
img_0003206.png,2.888126871833209,3.079289167032914
img_0003207.png,2.899121988000688,3.083814118563156
img_0003208.png,2.9110965979585655,3.0889135377967083
img_0003209.png,2.924054229997905,3.0945839325033146
img_0003210.png,2.937997540904951,3.100821309775146
img_0003211.png,2.9529281548793254,3.1076154907606766
img_0003212.png,2.9688465348645265,3.11497236461391
img_0003213.png,2.985751759851569,3.122878119400097
img_0003214.png,3.00364137065613,3.1313279151637867
img_0003215.png,3.0225111833732425,3.140315188383518
img_0003216.png,3.0423550870769396,3.1498306528546203
img_0003217.png,3.063164854324905,3.159865526744551
img_0003218.png,3.084929938302527,3.1704120983899164
img_0003219.png,3.107637256376255,3.181465937647076
img_0003220.png,3.131270942576699,3.1930293109122543
img_0003221.png,3.1558120394713853,3.205114682596375
img_0003222.png,3.181238116141913,3.21767156512953
img_0003223.png,3.2075226298727726,3.2307352942543903
img_0003224.png,3.2346342346688317,3.2443276305173043
img_0003225.png,3.2625374013128856,3.2583811248184333
img_0003226.png,3.291195306292989,3.272865675797628
img_0003227.png,3.3205756051999806,3.2878202171207214
img_0003228.png,3.350653058592708,3.303346278114396
img_0003229.png,3.381397894035174,3.319538974792577
img_0003230.png,3.412762951525492,3.336419089302109
img_0003231.png,3.444691049448198,3.353954224452067
img_0003232.png,3.477128141480109,3.3721101133615656
img_0003233.png,3.5100258426021753,3.3908661871842405
img_0003234.png,3.543338040811343,3.410209113078742
img_0003235.png,3.5770182725116317,3.430126215467582
img_0003236.png,3.6110187882329745,3.4506027982727936
img_0003237.png,3.645290358476161,3.471621290491452
img_0003238.png,3.6797822657410757,3.493160843161939
img_0003239.png,3.714442332084178,3.515196992814216
img_0003240.png,3.7492169549972765,3.5377013253591887
img_0003241.png,3.78405114542047,3.5606411324234237
img_0003242.png,3.8188885631545735,3.5839790584537794
img_0003243.png,3.853671544062757,3.6076727366786145
img_0003244.png,3.8883411124995773,3.6316744111955233
img_0003245.png,3.922836971656835,3.6559305416874874
img_0003246.png,3.9570974640880645,3.6803813867539983
img_0003247.png,3.9910594947012163,3.7049605618214922
img_0003248.png,4.024658409140182,3.729594568390124
img_0003249.png,4.057827821882028,3.754202293385416
img_0003250.png,4.090499390736899,3.778694481088679
img_0003251.png,4.1226025379336075,3.8029731860376517
img_0003252.png,4.154064122774438,3.8269312239328497
img_0003253.png,4.180889339884604,3.843901763889783
img_0003254.png,4.2057387043074215,3.858886036484809
img_0003255.png,4.229622379489537,3.8727984813598844
img_0003256.png,4.252465385572895,3.8855109851555794
img_0003257.png,4.273865561946769,3.9293526155577183
img_0003258.png,4.293619046296948,3.956973521717094
img_0003259.png,4.3119242241857165,3.9667833102215218
img_0003260.png,4.32890985725999,3.9639111438048458
img_0003261.png,4.344653888371035,3.952194280324556
img_0003262.png,4.359196943327246,3.934492442670903
img_0003263.png,4.372496821294113,3.9210660443163334
img_0003264.png,4.384190609033601,3.9196021250397672
img_0003265.png,4.39416237080569,3.915935214839079
img_0003266.png,4.402352301033323,3.9100193658896147
img_0003267.png,4.408709360089137,3.901833569822573
img_0003268.png,4.413193105567873,3.8913842019566904
img_0003269.png,4.415775391684997,3.8787065894189094
img_0003270.png,4.4164418398212355,3.8638655765477914
img_0003271.png,4.415192978592888,3.8469549690589258
img_0003272.png,4.412044970197021,3.8280958255012845
img_0003273.png,4.40702986678376,3.807433659169028
img_0003274.png,4.400195373024095,3.7851347034740703
img_0003275.png,4.391604124847645,3.7613814675030603
img_0003276.png,4.381332525454002,3.7363678582853668
img_0003277.png,4.3694692047824875,3.710294169723549
img_0003278.png,4.35611318552541,3.683362238727668
img_0003279.png,4.341371846835445,3.6557710557967003
img_0003280.png,4.325358776863587,3.6277131024107026
img_0003281.png,4.308191599037085,3.59937168245426
img_0003282.png,4.288707803304939,3.569343645265296
img_0003283.png,4.267262987331782,3.5370754348683784
img_0003284.png,4.245075328149753,3.505048594028038
img_0003285.png,4.222258768149783,3.4734483967115706
img_0003286.png,4.198951917441733,3.4424146321824596
img_0003287.png,4.176268643908828,3.1182605809666164
img_0003288.png,4.154268193315787,2.9122853884597033
img_0003289.png,4.132590645917979,2.905492941976101
img_0003290.png,4.110877650720177,3.2464447444699545
img_0003291.png,4.089642065451281,3.32468191282197
img_0003292.png,4.068211390891914,3.305825459966805
img_0003293.png,4.0456376610708995,3.2864768819948456
img_0003294.png,4.0222052348252,2.9844846655187798
img_0003295.png,3.9980997141116443,2.8355077500302794
img_0003296.png,3.983925575872474,3.2463695372378893
img_0003297.png,3.9737633361983735,3.2461341675809616
img_0003298.png,3.964524824921916,3.246218952789504
img_0003299.png,3.9556506349799214,3.2460434223584347
img_0003300.png,3.9468995108870364,3.245059322318045
img_0003301.png,3.9380837116311245,3.243815019584986
img_0003302.png,3.9290440932768544,3.241870144447166
img_0003303.png,3.919646992109032,3.239174125658634
img_0003304.png,3.909789372228496,3.2357077280689235
img_0003305.png,3.899400652167789,3.2312315191883902
img_0003306.png,3.888444686098289,3.2262201362410403
img_0003307.png,3.8769108131743995,3.2204995635831697
img_0003308.png,3.864814442751369,3.214139248538819
img_0003309.png,3.852191268762989,3.207220807576989
img_0003310.png,3.839091356949002,3.1998325589043857
img_0003311.png,3.825573454084264,3.1920648295561174
img_0003312.png,3.811700119812004,3.1840064896836706
img_0003313.png,3.7975339516493394,3.1757424920705084
img_0003314.png,3.783134853958931,3.1673517091104664
img_0003315.png,3.7633273735652364,3.155485294292943
img_0003316.png,3.7371841147412184,3.141680603414512
img_0003317.png,3.7108887751312745,3.128622034649248
img_0003318.png,3.6846039617317983,3.115887868505259
img_0003319.png,3.658387279324601,3.1034676218069572
img_0003320.png,3.632281140673496,3.091380164211966
img_0003321.png,3.6063187152077667,3.079639665214098
img_0003322.png,3.580524844650382,3.0682522762052393
img_0003323.png,3.554916587006521,3.0572163933541865
img_0003324.png,3.5295038260996385,3.046523632693775
img_0003325.png,3.504289961952532,3.036160088129987
img_0003326.png,3.479272648043878,3.026107704322099
img_0003327.png,3.4544445415346905,3.01634561817825
img_0003328.png,3.4297940406474816,3.0068513453733354
img_0003329.png,3.4053059920834623,2.9976017330867237
img_0003330.png,3.3809623587294872,2.9885736509774636
img_0003331.png,3.356742843447633,2.9797444331055116
img_0003332.png,3.3326254685394616,2.9710921083308386
img_0003333.png,3.316124150333195,2.966461305302012
img_0003334.png,3.2974800915063485,2.963251904368936
img_0003335.png,3.2780843975370457,2.959690463435524
img_0003336.png,3.258208536228077,2.9557092301942647
img_0003337.png,3.2378708418928213,2.951393113629438
img_0003338.png,3.217056550617499,2.946757469498142
img_0003339.png,3.195746198667523,2.9418007110527613
img_0003340.png,3.173921609767377,2.936519558731886
img_0003341.png,3.1515677294875415,2.930898517154041
img_0003342.png,3.1395734287561186,2.9319157723367515
img_0003343.png,3.13294909679214,2.9363818860286
img_0003344.png,3.1253317147325936,2.9402523345758502
img_0003345.png,3.1166396689886477,2.9434812585756047
img_0003346.png,3.1068006181168544,2.946024941857926
img_0003347.png,3.0957533445060057,2.9478565703528243
img_0003348.png,3.0834500183265585,2.948902348363898
img_0003349.png,3.0698572342116615,2.949148555984798
img_0003350.png,3.054960592146661,2.9471096655661264
img_0003351.png,3.038988695044832,2.9167337527410244
img_0003352.png,3.022046014264625,2.8907865878259194
img_0003353.png,3.004176618846137,2.8743089531114707
img_0003354.png,2.9854278049705387,2.877814410944535
img_0003355.png,2.965838949915268,2.9232093917997988
img_0003356.png,2.945733287015189,2.9292597780684804
img_0003357.png,2.937590264147057,2.9315409018933254
img_0003358.png,2.940988582691609,2.941328130376585
img_0003359.png,2.9454761225493487,2.951706314763851
img_0003360.png,2.9510790457781373,2.962722560710664
img_0003361.png,2.959063229014129,2.8694301901870087
img_0003362.png,2.9687971077247406,2.980174413269434
img_0003363.png,2.9795614832347863,2.9887411940674395
img_0003364.png,2.9915056580814063,2.99743216006092
img_0003365.png,3.0045671168418853,3.006636176317611
img_0003366.png,3.018755211015221,3.0164362863742653
img_0003367.png,3.0340919894515057,3.0268617289351214
img_0003368.png,3.050601513294046,3.037930589166451
img_0003369.png,3.068307360759915,3.0496582967558417
img_0003370.png,3.087231622823657,3.062059453908159
img_0003371.png,3.1073942878888228,3.0751485955480273
img_0003372.png,3.128812834800787,3.0889406465368894
img_0003373.png,3.151505945919197,3.1032302906702296
img_0003374.png,3.1754818836660297,3.118460856163024
img_0003375.png,3.20074898544529,3.1344671530609203
img_0003376.png,3.227312501164234,3.151204642219519
img_0003377.png,3.25517406170181,3.168726311772902
img_0003378.png,3.284331482843659,3.1870400305672972
img_0003379.png,3.314770719924788,3.2063494171451996
img_0003380.png,3.346486810132517,3.226238159402218
img_0003381.png,3.3794624348592897,3.2468896563794063
img_0003382.png,3.4136718056500195,3.2682908119065726
img_0003383.png,3.44906245488275,3.2904366909342118
img_0003384.png,3.485566997021361,3.313191285667165
img_0003385.png,3.5230386513134335,3.3367851283830827
img_0003386.png,3.5612971688353485,3.3616185563925636
img_0003387.png,3.6002471398784466,3.3874268121128126
img_0003388.png,3.639877678075969,3.414437205581841
img_0003389.png,3.680164659397989,3.442648561417471
img_0003390.png,3.7210497268818203,3.472095317067687
img_0003391.png,3.7624551903985246,3.5028014322271215
img_0003392.png,3.7992675807971805,3.528570079385549
img_0003393.png,3.8358303263943085,3.553149614819072
img_0003394.png,3.8727747852233265,3.5789476919046876
img_0003395.png,3.9100708720087365,3.60597010647853
img_0003396.png,3.9475980082102327,3.634183015557388
img_0003397.png,3.9852097018383903,3.663528250982724
img_0003398.png,4.0227383889894615,3.693916469954962
img_0003399.png,4.059993852493906,3.7252211985934274
img_0003400.png,4.09676131419197,3.757273633514266
img_0003401.png,4.1327998172089675,3.7898597702952923
img_0003402.png,4.167841216889742,3.82271949999031
img_0003403.png,4.201067378594204,3.8316445188351986
img_0003404.png,4.23051862242343,3.815178969715997
img_0003405.png,4.25389272109454,3.7888927722112973
img_0003406.png,4.271812119067383,3.845841948623103
img_0003407.png,4.285429600607265,3.987222461167884
img_0003408.png,4.295423306809103,4.0
img_0003409.png,4.302519238420586,4.0
img_0003410.png,4.307415033451418,4.0
img_0003411.png,4.310702892321361,4.0
img_0003412.png,4.312886417035557,4.0
img_0003413.png,4.314388629074802,3.939744796726192
img_0003414.png,4.315556126647523,3.8413094603378006
img_0003415.png,4.316662953204663,3.745653976822432
img_0003416.png,4.317923398679242,3.6632227165829585
img_0003417.png,4.319519988094042,3.606051862092869
img_0003418.png,4.321619546753814,3.5669017266131204
img_0003419.png,4.324294995076898,3.5567158977441187
img_0003420.png,4.326717778407112,3.720894616183852
img_0003421.png,4.329466810239094,3.7482968890238455
img_0003422.png,4.331418605814752,3.7940500747881405
img_0003423.png,4.3319241491210025,3.832217628957954
img_0003424.png,4.330767923834797,3.861499060591391
img_0003425.png,4.327946316222653,3.882873593598495
img_0003426.png,4.323582840878383,3.8980538907232907
img_0003427.png,4.3178715980960884,3.9086989837128865
img_0003428.png,4.3110407542216205,3.916218595668166
img_0003429.png,4.3033287897715775,3.9217465351734586
img_0003430.png,4.294968993477147,3.9261714620686434
img_0003431.png,4.280182095268525,3.494603498558827
img_0003432.png,4.264147322281541,3.406366649871898
img_0003433.png,4.249051184522129,3.326520117290859
img_0003434.png,4.235097816353901,3.2569810220321855
img_0003435.png,4.2224033018442295,3.1984109612118696
img_0003436.png,4.211007690031451,3.1505636994370088
img_0003437.png,4.200893095118524,3.1126872944974644
img_0003438.png,4.192003701930357,3.0838547256621025
img_0003439.png,4.184261377712238,3.063130461238737
img_0003440.png,4.17757750201084,3.0496610936003687
img_0003441.png,4.171859189331537,3.042598563752813
img_0003442.png,4.16701650455301,3.0413794405392034
img_0003443.png,4.162962835359885,3.045465600453729
img_0003444.png,4.15961718163888,3.054412255830651
img_0003445.png,4.156900351765507,3.0680567864832575
img_0003446.png,4.154736798138256,3.0862192729025053
img_0003447.png,4.1530520443008125,3.10885300141997
img_0003448.png,4.151769117919392,3.136126168663623
img_0003449.png,4.150809696450479,3.168031899787522
img_0003450.png,4.150094465141509,3.2044755438123365
img_0003451.png,4.149542490391292,3.2452888850076347
img_0003452.png,4.149075249070253,3.2898754139903987
img_0003453.png,4.148619202176844,3.337356798855976
img_0003454.png,4.148108114814393,3.3867920033616277
img_0003455.png,4.147484852538357,3.4368834490773326
img_0003456.png,4.146703851709299,3.4864217150599517
img_0003457.png,4.145730717542955,3.5343052179250813
img_0003458.png,4.144541296722506,3.5796390409779706
img_0003459.png,4.143119968524108,3.6217780451091715
img_0003460.png,4.141457597000767,3.660326275509423
img_0003461.png,4.139549543611674,3.695107642986743
img_0003462.png,4.1373939857923485,3.7261244153635786
img_0003463.png,4.134990611335576,3.7535155141346546
img_0003464.png,4.1318103773467,3.6726396841052384
img_0003465.png,4.128156056147316,3.701810073196467
img_0003466.png,4.124403117862428,3.7241717793041973
img_0003467.png,4.120450434524896,3.7420294667923324
img_0003468.png,4.1162390562156475,3.755789511973329
img_0003469.png,4.1117332470737615,3.766190082963133
img_0003470.png,4.106911552062178,3.7741081499964917
img_0003471.png,4.101760305046806,3.780292034960162
img_0003472.png,4.096271998266976,3.7854706070996764
img_0003473.png,4.090443819356562,3.7903288047740764
img_0003474.png,4.084279657667358,3.7952691390139006
img_0003475.png,4.077790815674854,3.800649800335133
img_0003476.png,4.070997843772246,3.806512018829043
img_0003477.png,4.063930966534948,3.812830168237153
img_0003478.png,4.056630564842437,3.819408309428992
img_0003479.png,4.049146695949014,3.8259158004729406
img_0003480.png,4.041537985967896,3.832061756012772
img_0003481.png,4.033870547282038,3.837469890419703
img_0003482.png,4.026216835798982,3.8419846822961725
img_0003483.png,4.018651604946137,3.8452432466453175
img_0003484.png,4.011192128789386,3.845095746515721
img_0003485.png,4.003962138899493,3.844346482909855
img_0003486.png,3.9970513291587313,3.841972023392784
img_0003487.png,3.990551466492034,3.8380339402774393
img_0003488.png,3.9845555947299793,3.8326303793478904
img_0003489.png,3.979157031496874,3.825971893345838
img_0003490.png,3.974144997099754,3.8160152631821456
img_0003491.png,3.969310533074511,3.805298265374694
img_0003492.png,3.9647372951234994,3.794472979761168
img_0003493.png,3.9604906656342065,3.7836354115448447
img_0003494.png,3.956623336964368,3.772876357770956
img_0003495.png,3.9531767472445423,3.7622811481143716
img_0003496.png,3.9501819640156786,3.751925949463699
img_0003497.png,3.94766023479133,3.7418750748357468
img_0003498.png,3.945623323507236,3.7321798092637115
img_0003499.png,3.9440736982711666,3.722878229185749
img_0003500.png,3.943004608721338,3.7139955087607435
img_0003501.png,3.9424000783043276,3.7055444048879256
img_0003502.png,3.9422348311086917,3.6975257668768253
img_0003503.png,3.9424741712863365,3.689929009448039
img_0003504.png,3.940143257666482,3.678590571640176
img_0003505.png,3.93596513498266,3.6628872914103496
img_0003506.png,3.93247867422399,3.648329965421221
img_0003507.png,3.9295885717133014,3.634833503456565
img_0003508.png,3.9272018237432738,3.622291018179221
img_0003509.png,3.9252165302120177,3.610592614764718
img_0003510.png,3.923522075775932,3.5996257455620047
img_0003511.png,3.921999515862935,3.5892760569735143
img_0003512.png,3.920522184736136,3.579428902728859
img_0003513.png,3.9189565699300455,3.5699715388989874
img_0003514.png,3.9171634922487044,3.5607958797270762
img_0003515.png,3.9149996254543757,3.5518022581796744
img_0003516.png,3.912319363751123,3.5428978604673698
img_0003517.png,3.908977062705281,3.53399713084477
img_0003518.png,3.9048295865938654,3.5250046089699807
img_0003519.png,3.899738988758369,3.5157995686021435
img_0003520.png,3.893575133597138,3.5062388345760667
img_0003521.png,3.886218199667097,3.496181638802746
img_0003522.png,3.8775610952663957,3.485511344454597
img_0003523.png,3.8675118112265032,3.474147611926491
img_0003524.png,3.855995564245811,3.4620423238478573
img_0003525.png,3.842956560939175,3.449175404702249
img_0003526.png,3.8283592518639025,3.4355510494410595
img_0003527.png,3.812189163487129,3.4211669910863094
img_0003528.png,3.7944531346334482,3.4060602441760985
img_0003529.png,3.775177793906849,3.39030764172107
img_0003530.png,3.7544027938503413,3.3738007974978337
img_0003531.png,3.7321940811591525,3.3568852525489525
img_0003532.png,3.7086351025512827,3.3395413874154536
img_0003533.png,3.68381644591096,3.3218529714447214
img_0003534.png,3.6578388657686833,3.3038779027126557
img_0003535.png,3.630810607864054,3.2857093293628963
img_0003536.png,3.6028448927251193,3.2674301786199105
img_0003537.png,3.574057590409928,3.2491236689194043
img_0003538.png,3.544565128802815,3.2308711143075115
img_0003539.png,3.5144826722223494,3.212749606771144
img_0003540.png,3.4839225862821994,3.194830006472144
img_0003541.png,3.4529931892607566,3.1771754772447176
img_0003542.png,3.421797778116104,3.159840603299236
img_0003543.png,3.3904339084030775,3.142871005822837
img_0003544.png,3.358992901392593,3.126303376690362
img_0003545.png,3.3275595484448055,3.1101659105535955
img_0003546.png,3.296211981919559,3.094479154594961
img_0003547.png,3.265021683191782,3.0792572504494804
img_0003548.png,3.2340536010030543,3.064509437113529
img_0003549.png,3.203366356649532,3.050241591753947
img_0003550.png,3.173012515763337,3.0364575676118353
img_0003551.png,3.143038909377287,3.023160147945365
img_0003552.png,3.11348698952845,3.0103515326137655
img_0003553.png,3.0843932069328623,2.9980333706011923
img_0003554.png,3.05578940031279,2.986206434132214
img_0003555.png,3.0277031887988652,2.9748700986236116
img_0003556.png,3.00297042117492,2.966922534857763
img_0003557.png,2.9812131403336566,2.960917075025363
img_0003558.png,2.9597103216808947,2.9550556475476655
img_0003559.png,2.9385394091756947,2.9492656671770776
img_0003560.png,2.917743607788303,2.9435559006763525
img_0003561.png,2.897356151470097,2.937936270293933
img_0003562.png,2.8774066657750828,2.9324277936611116
img_0003563.png,2.857922456146831,2.9270388542533006
img_0003564.png,2.8389286908694964,2.9217795378531997
img_0003565.png,2.8204485168385975,2.916660897831285
img_0003566.png,2.802503275229852,2.9116391693987125
img_0003567.png,2.785112547003064,2.9067779957147586
img_0003568.png,2.768293954151076,2.9022243408151986
img_0003569.png,2.752063665910942,2.898020638599556
img_0003570.png,2.736436458074464,2.894192002194569
img_0003571.png,2.7214258849457336,2.8907421493673042
img_0003572.png,2.7070444422234865,2.8876581912311705
img_0003573.png,2.6933037325467795,2.8849240606260422
img_0003574.png,2.6802146169196943,2.882526898872504
img_0003575.png,2.6677873514330215,2.8804601773266802
img_0003576.png,2.656031737507118,2.8787206425289154
img_0003577.png,2.6449572490673963,2.877310548573102
img_0003578.png,2.6345745681099673,2.8762425563735343
img_0003579.png,2.624891438379025,2.8755062464228898
img_0003580.png,2.6159170386511317,2.875118774878696
img_0003581.png,2.6076607105370946,2.875087936399371
img_0003582.png,2.6001320271376667,2.8754218514631087
img_0003583.png,2.5933408843200847,2.8761288240215634
img_0003584.png,2.5872975851772977,2.8772170618600383
img_0003585.png,2.5820129171630746,2.8786960544749434
img_0003586.png,2.577498225121323,2.8805752395219564
img_0003587.png,2.5737654742768457,2.8828645443837986
img_0003588.png,2.5708273069196355,2.885574495555896
img_0003589.png,2.568697091659339,2.8887163103699316
img_0003590.png,2.5673889648285724,2.8923019866940107
img_0003591.png,2.5669178636029977,2.8963443908338755
img_0003592.png,2.5672995503096896,2.900857344396371
img_0003593.png,2.5685506272840266,2.9058557110602363
img_0003594.png,2.570688541514095,2.911355484507983
img_0003595.png,2.573731578180378,2.9173738786638896
img_0003596.png,2.5776988420415954,2.9239294208451185
img_0003597.png,2.5826102254613033,2.9310420487231967
img_0003598.png,2.5884863616949807,2.938733211719662
img_0003599.png,2.595348561867049,2.947025977268025
img_0003600.png,2.603218788089305,2.9559291563936556
